Workbook
Name virtual_limite_heap: Outliers!$F$14
Name virtual_limite_memoria: Outliers!$B$14
Name tradicional_limite_memoria: Outliers!$C$14
Name tradicional_limite_heap: Outliers!$G$14
Name tradicional_limite_lat_mean_s: Outliers!$C$6
Name virtual_limite_superior_cpu: Outliers!$F$6
Name tradicional_limite_inferior_cpu: Outliers!$G$5
Name tradicional_limite_superior_cpu: Outliers!$G$6
Name virtual_limite_lat_mean_s: Outliers!$B$6
Name virtual_limite_inferior_cpu: Outliers!$F$5

Sheet Dados
A1: run | B1: lat_mean_s | C1: lat_p50_s | D1: lat_p90_s | E1: lat_p95_s | F1: lat_p99_s | G1: lat_max_s | H1: requests | I1: rate | J1: throughput | K1: success | L1: bytes_in_total | M1: cpu_mean | N1: mem_used_mb | O1: heap_used_mb | P1: Outlier
A2: 2 | B2: 0.14391995 | C2: 0.10859756 | D2: 0.12519016 | E2: 0.20815853 | F2: 1.0466426 | G2: 9.8327429 | H2: 600000 | I2: 1000.0016 | J2: 999.82012 | K2: 0.99999667 | L2: 19799934 | M2: 0.036996808 | N2: 733.64169 | O2: 351.82679 | P2: =IF(OR(B2>virtual_limite_lat_mean_s, M2>virtual_limite_superior_cpu, M2<virtual_limite_inferior_cpu, N2 > virtual_limite_memoria, O2 > virtual_limite_heap ), "OUTLIER", "OK") -> OK
A3: 4 | B3: 0.12449752 | C3: 0.10880552 | D3: 0.12380736 | E3: 0.14138553 | F3: 0.37395508 | G3: 6.10279 | H3: 600000 | I3: 1000.0015 | J3: 999.77935 | K3: 1 | L3: 19800000 | M3: 0.035498498 | N3: 445.09838 | O3: 144.84547 | P3: =IF(OR(B3>virtual_limite_lat_mean_s, M3>virtual_limite_superior_cpu, M3<virtual_limite_inferior_cpu, N3 > virtual_limite_memoria, O3 > virtual_limite_heap ), "OUTLIER", "OK") -> OK
A4: 6 | B4: 0.11267483 | C4: 0.10840493 | D4: 0.11818753 | E4: 0.12789271 | F4: 0.21299431 | G4: 0.56202258 | H4: 600000 | I4: 1000.0009 | J4: 999.82195 | K4: 1 | L4: 19800000 | M4: 0.037002633 | N4: 507.43396 | O4: 232.92969 | P4: =IF(OR(B4>virtual_limite_lat_mean_s, M4>virtual_limite_superior_cpu, M4<virtual_limite_inferior_cpu, N4 > virtual_limite_memoria, O4 > virtual_limite_heap ), "OUTLIER", "OK") -> OK
A5: 8 | B5: 0.21155557 | C5: 0.11135917 | D5: 0.18273403 | E5: 0.56780583 | F5: 2.5841628 | G5: 13.390708 | H5: 600000 | I5: 1000.0016 | J5: 999.78187 | K5: 0.99997833 | L5: 19799571 | M5: 0.037071811 | N5: 403.45209 | O5: 90.933532 | P5: =IF(OR(B5>virtual_limite_lat_mean_s, M5>virtual_limite_superior_cpu, M5<virtual_limite_inferior_cpu, N5 > virtual_limite_memoria, O5 > virtual_limite_heap ), "OUTLIER", "OK") -> OK
A6: 10 | B6: 0.11399295 | C6: 0.10937035 | D6: 0.12148112 | E6: 0.13103565 | F6: 0.18657201 | G6: 1.6703134 | H6: 600000 | I6: 1000.0017 | J6: 999.8251 | K6: 1 | L6: 19800000 | M6: 0.038376457 | N6: 246.50758 | O6: 55.815836 | P6: =IF(OR(B6>virtual_limite_lat_mean_s, M6>virtual_limite_superior_cpu, M6<virtual_limite_inferior_cpu, N6 > virtual_limite_memoria, O6 > virtual_limite_heap ), "OUTLIER", "OK") -> OK
A7: 12 | B7: 0.11114546 | C7: 0.10882773 | D7: 0.11801974 | E7: 0.123314 | F7: 0.14522502 | G7: 0.36678129 | H7: 600000 | I7: 1000.0012 | J7: 999.81968 | K7: 1 | L7: 19800000 | M7: 0.039023056 | N7: 240.04122 | O7: 55.528643 | P7: =IF(OR(B7>virtual_limite_lat_mean_s, M7>virtual_limite_superior_cpu, M7<virtual_limite_inferior_cpu, N7 > virtual_limite_memoria, O7 > virtual_limite_heap ), "OUTLIER", "OK") -> OK
A8: 14 | B8: 0.11407766 | C8: 0.1095297 | D8: 0.1240008 | E8: 0.13681905 | F8: 0.1936668 | G8: 0.38096334 | H8: 600000 | I8: 1000.0016 | J8: 999.77026 | K8: 1 | L8: 19800000 | M8: 0.037286109 | N8: 276.95189 | O8: 73.003115 | P8: =IF(OR(B8>virtual_limite_lat_mean_s, M8>virtual_limite_superior_cpu, M8<virtual_limite_inferior_cpu, N8 > virtual_limite_memoria, O8 > virtual_limite_heap ), "OUTLIER", "OK") -> OK
A9: 16 | B9: 0.14643452 | C9: 0.11261624 | D9: 0.16256014 | E9: 0.22594911 | F9: 1.0200332 | G9: 8.6105164 | H9: 600000 | I9: 1000.0002 | J9: 999.82078 | K9: 1 | L9: 19800000 | M9: 0.036004483 | N9: 449.01711 | O9: 130.87939 | P9: =IF(OR(B9>virtual_limite_lat_mean_s, M9>virtual_limite_superior_cpu, M9<virtual_limite_inferior_cpu, N9 > virtual_limite_memoria, O9 > virtual_limite_heap ), "OUTLIER", "OK") -> OK
A10: 18 | B10: 11.849196 | C10: 1.099458 | D10: 36.748327 | E10: 49.380496 | F10: 72.535525 | G10: 112.45278 | H10: 600000 | I10: 1000.0014 | J10: 843.28957 | K10: 0.84344 | L10: 16700112 | M10: 0.03968898 | N10: 890.278 | O10: 422.15541 | P10: =IF(OR(B10>virtual_limite_lat_mean_s, M10>virtual_limite_superior_cpu, M10<virtual_limite_inferior_cpu, N10 > virtual_limite_memoria, O10 > virtual_limite_heap ), "OUTLIER", "OK") -> OUTLIER
A11: 20 | B11: 0.12354646 | C11: 0.10938333 | D11: 0.12401202 | E11: 0.14678939 | F11: 0.5146429 | G11: 4.8281994 | H11: 600000 | I11: 1000.0018 | J11: 994.51043 | K11: 1 | L11: 19800000 | M11: 0.037407857 | N11: 290.6296 | O11: 87.356559 | P11: =IF(OR(B11>virtual_limite_lat_mean_s, M11>virtual_limite_superior_cpu, M11<virtual_limite_inferior_cpu, N11 > virtual_limite_memoria, O11 > virtual_limite_heap ), "OUTLIER", "OK") -> OK
A12: 22 | B12: 0.1120736 | C12: 0.10898102 | D12: 0.11922203 | E12: 0.12697182 | F12: 0.16584159 | G12: 0.4433816 | H12: 600000 | I12: 1000.0011 | J12: 999.82217 | K12: 1 | L12: 19800000 | M12: 0.038177745 | N12: 254.80037 | O12: 61.275061 | P12: =IF(OR(B12>virtual_limite_lat_mean_s, M12>virtual_limite_superior_cpu, M12<virtual_limite_inferior_cpu, N12 > virtual_limite_memoria, O12 > virtual_limite_heap ), "OUTLIER", "OK") -> OK
A13: 24 | B13: 23.762475 | C13: 18.303255 | D13: 58.84183 | E13: 71.666991 | F13: 90.598769 | G13: 144.35169 | H13: 600000 | I13: 999.26832 | J13: 665.63371 | K13: 0.70268667 | L13: 13913196 | M13: 0.039070194 | N13: 775.35261 | O13: 400.45239 | P13: =IF(OR(B13>virtual_limite_lat_mean_s, M13>virtual_limite_superior_cpu, M13<virtual_limite_inferior_cpu, N13 > virtual_limite_memoria, O13 > virtual_limite_heap ), "OUTLIER", "OK") -> OUTLIER
... A51: 100 | B51: 24.260382 | C51: 1.1349255 | D51: 81.671293 | E51: 90.900346 | F51: 122.41965 | G51: 192.25726 | H51: 600000 | I51: 999.99987 | J51: 755.48651 | K51: 0.755685 | L51: 14962563 | M51: 0.038830993 | N51: 615.48045 | O51: 153.85275 | P51: =IF(OR(B51>virtual_limite_lat_mean_s, M51>virtual_limite_superior_cpu, M51<virtual_limite_inferior_cpu, N51 > virtual_limite_memoria, O51 > virtual_limite_heap ), "OUTLIER", "OK") -> OUTLIER
A54: run | B54: lat_mean_s | C54: lat_p50_s | D54: lat_p90_s | E54: lat_p95_s | F54: lat_p99_s | G54: lat_max_s | H54: requests | I54: rate | J54: throughput | K54: success | L54: bytes_in_total | M54: cpu_mean | N54: mem_used_mb | O54: heap_used_mb | P54: outlier
A55: 1 | B55: 0.2498236 | C55: 0.11106918 | D55: 0.1722662 | E55: 0.62791551 | F55: 3.9862205 | G55: 19.527779 | H55: 600000 | I55: 1000.0016 | J55: 999.6635 | K55: 0.99984167 | L55: 22196485 | M55: 0.08017136 | N55: 887.78157 | O55: 403.29796 | P55: =IF(OR(B55 > tradicional_limite_lat_mean_s,M55 > tradicional_limite_superior_cpu, M55 < tradicional_limite_inferior_cpu,N55 > tradicional_limite_memoria,O55 > tradicional_limite_heap ) , "OUTLIER", "OK") -> OUTLIER
A56: 3 | B56: 0.51600279 | C56: 0.11118923 | D56: 0.15158764 | E56: 1.0321371 | F56: 13.519594 | G56: 60.691363 | H56: 599999 | I56: 1000.0001 | J56: 946.82311 | K56: 0.99597333 | L56: 22110571 | M56: 0.077866849 | N56: 471.38069 | O56: 178.42502 | P56: =IF(OR(B56 > tradicional_limite_lat_mean_s,M56 > tradicional_limite_superior_cpu, M56 < tradicional_limite_inferior_cpu,N56 > tradicional_limite_memoria,O56 > tradicional_limite_heap ) , "OUTLIER", "OK") -> OUTLIER
A57: 5 | B57: 0.22098259 | C57: 0.11251912 | D57: 0.19469758 | E57: 0.49388015 | F57: 2.9712245 | G57: 13.632439 | H57: 600000 | I57: 1000.0016 | J57: 999.76057 | K57: 0.99994167 | L57: 22198705 | M57: 0.081831299 | N57: 668.99372 | O57: 311.77878 | P57: =IF(OR(B57 > tradicional_limite_lat_mean_s,M57 > tradicional_limite_superior_cpu, M57 < tradicional_limite_inferior_cpu,N57 > tradicional_limite_memoria,O57 > tradicional_limite_heap ) , "OUTLIER", "OK") -> OK
A58: 7 | B58: 0.11183385 | C58: 0.10972103 | D58: 0.11751604 | E58: 0.12332209 | F58: 0.14653583 | G58: 0.47722427 | H58: 600000 | I58: 1000 | J58: 999.81005 | K58: 1 | L58: 22200000 | M58: 0.084657753 | N58: 248.56912 | O58: 53.510956 | P58: =IF(OR(B58 > tradicional_limite_lat_mean_s,M58 > tradicional_limite_superior_cpu, M58 < tradicional_limite_inferior_cpu,N58 > tradicional_limite_memoria,O58 > tradicional_limite_heap ) , "OUTLIER", "OK") -> OUTLIER
A59: 9 | B59: 0.11532155 | C59: 0.11095518 | D59: 0.12620481 | E59: 0.13968434 | F59: 0.18532991 | G59: 0.36155184 | H59: 600000 | I59: 1000.0016 | J59: 999.67763 | K59: 1 | L59: 22200000 | M59: 0.083914305 | N59: 260.1567 | O59: 60.228837 | P59: =IF(OR(B59 > tradicional_limite_lat_mean_s,M59 > tradicional_limite_superior_cpu, M59 < tradicional_limite_inferior_cpu,N59 > tradicional_limite_memoria,O59 > tradicional_limite_heap ) , "OUTLIER", "OK") -> OK
A60: 11 | B60: 0.11540478 | C60: 0.11051676 | D60: 0.1247914 | E60: 0.13827863 | F60: 0.20756287 | G60: 0.63124961 | H60: 600000 | I60: 1000.0013 | J60: 999.81908 | K60: 1 | L60: 22200000 | M60: 0.08337566 | N60: 305.0978 | O60: 90.48557 | P60: =IF(OR(B60 > tradicional_limite_lat_mean_s,M60 > tradicional_limite_superior_cpu, M60 < tradicional_limite_inferior_cpu,N60 > tradicional_limite_memoria,O60 > tradicional_limite_heap ) , "OUTLIER", "OK") -> OK
A61: 13 | B61: 0.36062573 | C61: 0.11220754 | D61: 0.14568463 | E61: 0.21600011 | F61: 9.5872249 | G61: 64.146432 | H61: 600000 | I61: 1000.0006 | J61: 998.33218 | K61: 0.99851167 | L61: 22166959 | M61: 0.082077119 | N61: 665.81759 | O61: 288.47616 | P61: =IF(OR(B61 > tradicional_limite_lat_mean_s,M61 > tradicional_limite_superior_cpu, M61 < tradicional_limite_inferior_cpu,N61 > tradicional_limite_memoria,O61 > tradicional_limite_heap ) , "OUTLIER", "OK") -> OK
A62: 15 | B62: 0.42278102 | C62: 0.11194808 | D62: 0.16425685 | E62: 1.2362801 | F62: 10.09544 | G62: 70.001201 | H62: 600000 | I62: 1000.0018 | J62: 998.24673 | K62: 0.99842667 | L62: 22165072 | M62: 0.082327272 | N62: 599.99859 | O62: 207.99462 | P62: =IF(OR(B62 > tradicional_limite_lat_mean_s,M62 > tradicional_limite_superior_cpu, M62 < tradicional_limite_inferior_cpu,N62 > tradicional_limite_memoria,O62 > tradicional_limite_heap ) , "OUTLIER", "OK") -> OK
A63: 17 | B63: 0.42516789 | C63: 0.11410037 | D63: 0.63694228 | E63: 1.8036868 | F63: 7.0280214 | G63: 26.168789 | H63: 600000 | I63: 1000.0016 | J63: 998.92475 | K63: 0.99910667 | L63: 22180168 | M63: 0.080935695 | N63: 763.28332 | O63: 365.87154 | P63: =IF(OR(B63 > tradicional_limite_lat_mean_s,M63 > tradicional_limite_superior_cpu, M63 < tradicional_limite_inferior_cpu,N63 > tradicional_limite_memoria,O63 > tradicional_limite_heap ) , "OUTLIER", "OK") -> OUTLIER
A64: 19 | B64: 0.33193516 | C64: 0.11091647 | D64: 0.15742237 | E64: 0.97781786 | F64: 7.0865479 | G64: 27.494504 | H64: 600000 | I64: 1000.0004 | J64: 998.71028 | K64: 0.99890667 | L64: 22175728 | M64: 0.083058829 | N64: 529.67285 | O64: 222.15249 | P64: =IF(OR(B64 > tradicional_limite_lat_mean_s,M64 > tradicional_limite_superior_cpu, M64 < tradicional_limite_inferior_cpu,N64 > tradicional_limite_memoria,O64 > tradicional_limite_heap ) , "OUTLIER", "OK") -> OK
A65: 21 | B65: 0.91602753 | C65: 0.11341305 | D65: 2.5509197 | E65: 5.7541836 | F65: 12.279975 | G65: 40.28206 | H65: 600000 | I65: 1000.0016 | J65: 975.34749 | K65: 0.99592833 | L65: 22109609 | M65: 0.079169793 | N65: 820.1371 | O65: 383.10828 | P65: =IF(OR(B65 > tradicional_limite_lat_mean_s,M65 > tradicional_limite_superior_cpu, M65 < tradicional_limite_inferior_cpu,N65 > tradicional_limite_memoria,O65 > tradicional_limite_heap ) , "OUTLIER", "OK") -> OUTLIER
A66: 23 | B66: 0.30663482 | C66: 0.11299595 | D66: 0.40880587 | E66: 1.1229001 | F66: 4.3394483 | G66: 21.637876 | H66: 600000 | I66: 1000.0012 | J66: 973.58493 | K66: 0.9998 | L66: 22195560 | M66: 0.080650725 | N66: 495.01736 | O66: 196.54764 | P66: =IF(OR(B66 > tradicional_limite_lat_mean_s,M66 > tradicional_limite_superior_cpu, M66 < tradicional_limite_inferior_cpu,N66 > tradicional_limite_memoria,O66 > tradicional_limite_heap ) , "OUTLIER", "OK") -> OK
... A104: 99 | B104: 0.12811629 | C104: 0.11200325 | D104: 0.13282871 | E104: 0.16545061 | F104: 0.50622838 | G104: 4.0572851 | H104: 600000 | I104: 1000.0012 | J104: 999.81616 | K104: 1 | L104: 22200000 | M104: 0.080084339 | N104: 459.00628 | O104: 176.95378 | P104: =IF(OR(B104 > tradicional_limite_lat_mean_s,M104 > tradicional_limite_superior_cpu, M104 < tradicional_limite_inferior_cpu,N104 > tradicional_limite_memoria,O104 > tradicional_limite_heap ) , "OUTLIER", "OK") -> OK

Sheet Amostra Mínima
A1: Metricas | B1: Virtual | C1: Tradicional | E1: Metricas | F1: Virtual | G1: Tradicional
A2: Tamanho da Amostra | B2: =ROWS(Virtual_Sem_Outliers[run]) -> 35 | C2: =ROWS(Tradicional_Sem_Outliers[run]) -> 33 | E2: Tamanho da Amostra | F2: =ROWS(Virtual_Sem_Outliers[run]) -> 35 | G2: =ROWS(Tradicional_Sem_Outliers[run]) -> 33
A3: Valor critico | B3: =_xlfn.NORM.S.INV(1 - 0.05/2) -> 1.959964 | C3: =_xlfn.NORM.S.INV(1 - 0.05/2) -> 1.959964 | E3: Valor critico | F3: =_xlfn.NORM.S.INV(1 - 0.05/2) -> 1.959964 | G3: =_xlfn.NORM.S.INV(1 - 0.05/2) -> 1.959964
A4: Desvio padrão | B4: =Estatisticas!C19 -> 0.050474549 | C4: =Estatisticas!C24 -> 0.087460095 | E4: Desvio padrão | F4: =Estatisticas!H19 -> 0.0010956161 | G4: =Estatisticas!H24 -> 0.00095497343
A5: Margem de Erro | B5: =0.1*Estatisticas!C15 -> 0.014383868 | C5: =0.1*Estatisticas!C20 -> 0.017620232 | E5: Margem de Erro | F5: =0.1*Estatisticas!H15 -> 0.0036991031 | G5: =0.1*Estatisticas!G20 -> 0.19431863
A6: Resultado | B6: =((B3*B4)/B5)^2 -> 47.303111 | C6: =((C3*C4)/C5)^2 -> 94.643939 | E6: Resultado | F6: =((F3*F4)/F5)^2 -> 0.33699243 | G6: =((G3*G4)/G5)^2 -> 9.2779042e-05
A9: Metricas | B9: Virtual | C9: Tradicional | E9: Metricas | F9: Virtual | G9: Tradicional
A10: Tamanho da Amostra | B10: =ROWS(Virtual_Sem_Outliers[run]) -> 35 | C10: =ROWS(Tradicional_Sem_Outliers[run]) -> 33 | E10: Tamanho da Amostra | F10: =ROWS(Virtual_Sem_Outliers[run]) -> 35 | G10: =ROWS(Tradicional_Sem_Outliers[run]) -> 33
A11: Valor critico | B11: =_xlfn.NORM.S.INV(1 - 0.05/2) -> 1.959964 | C11: =_xlfn.NORM.S.INV(1 - 0.05/2) -> 1.959964 | E11: Valor critico | F11: =_xlfn.NORM.S.INV(1 - 0.05/2) -> 1.959964 | G11: =_xlfn.NORM.S.INV(1 - 0.05/2) -> 1.959964
A12: Desvio padrão | B12: =Estatisticas!I19 -> 149.32596 | C12: =Estatisticas!I24 -> 124.53789 | E12: Desvio padrão | F12: =Estatisticas!J19 -> 86.772686 | G12: =Estatisticas!J24 -> 73.731626
A13: Margem de Erro | B13: =0.1*Estatisticas!I15 -> 41.072199 | C13: =0.1*Estatisticas!I20 -> 46.222396 | E13: Margem de Erro | F13: =0.1*Estatisticas!J15 -> 14.223554 | G13: =0.1*Estatisticas!J20 -> 17.963109
A14: Resultado | B14: =((B11*B12)/B13)^2 -> 50.777453 | C14: =((C11*C12)/C13)^2 -> 27.886515 | E14: Resultado | F14: =((F11*F12)/F13)^2 -> 142.97036 | G14: =((G11*G12)/G13)^2 -> 64.72034

Sheet Intervalo_Confianca
A1: EndPoint | B1: Métrica | C1: lat_mean_s | D1: lat_p50_s | E1: lat_p90_s | F1: lat_p95_s | G1: lat_p99_s | H1: cpu_mean | I1: mem_used_mb | J1: heap_used_mb
A2: Virtual | B2: Execuções | C2: =ROWS(Virtual_Sem_Outliers[lat_mean_s_virtual]) -> 35 | D2: =ROWS(Virtual_Sem_Outliers[lat_mean_s_virtual]) -> 35 | E2: =ROWS(Virtual_Sem_Outliers[lat_mean_s_virtual]) -> 35 | F2: =ROWS(Virtual_Sem_Outliers[lat_mean_s_virtual]) -> 35 | G2: =ROWS(Virtual_Sem_Outliers[lat_mean_s_virtual]) -> 35 | H2: =ROWS(Virtual_Sem_Outliers[lat_mean_s_virtual]) -> 35 | I2: =ROWS(Virtual_Sem_Outliers[lat_mean_s_virtual]) -> 35 | J2: =ROWS(Virtual_Sem_Outliers[lat_mean_s_virtual]) -> 35
A3: Virtual | B3: Graus de liberdade | C3: =ROWS(Virtual_Sem_Outliers[lat_mean_s_virtual])-1 -> 34 | D3: =ROWS(Virtual_Sem_Outliers[lat_mean_s_virtual])-1 -> 34 | E3: =ROWS(Virtual_Sem_Outliers[lat_mean_s_virtual])-1 -> 34 | F3: =ROWS(Virtual_Sem_Outliers[lat_mean_s_virtual])-1 -> 34 | G3: =ROWS(Virtual_Sem_Outliers[lat_mean_s_virtual])-1 -> 34 | H3: =ROWS(Virtual_Sem_Outliers[lat_mean_s_virtual])-1 -> 34 | I3: =ROWS(Virtual_Sem_Outliers[lat_mean_s_virtual])-1 -> 34 | J3: =ROWS(Virtual_Sem_Outliers[lat_mean_s_virtual])-1 -> 34
A4: Virtual | B4: Valor crítico t | C4: =_xlfn.T.INV(0.975, C3) -> 2.0322445 | D4: =_xlfn.T.INV(0.975, D3) -> 2.0322445 | E4: =_xlfn.T.INV(0.975, E3) -> 2.0322445 | F4: =_xlfn.T.INV(0.975, F3) -> 2.0322445 | G4: =_xlfn.T.INV(0.975, G3) -> 2.0322445 | H4: =_xlfn.T.INV(0.975, H3) -> 2.0322445 | I4: =_xlfn.T.INV(0.975, I3) -> 2.0322445 | J4: =_xlfn.T.INV(0.975, J3) -> 2.0322445
A5: Virtual | B5: Erro padrão da média | C5: =Estatisticas!C19/SQRT(C2) -> 0.008531756 | D5: =Estatisticas!D19/SQRT(D2) -> 0.00019450937 | E5: =Estatisticas!E19/SQRT(E2) -> 0.00824182 | F5: =Estatisticas!F19/SQRT(F2) -> 0.035077424 | G5: =Estatisticas!G19/SQRT(G2) -> 0.24362363 | H5: =Estatisticas!H19/SQRT(H2) -> 0.00018519292 | I5: =Estatisticas!I19/SQRT(I2) -> 25.240694 | J5: =Estatisticas!J19/SQRT(J2) -> 14.667261
A6: Virtual | B6: Margem de erro | C6: =C4*C5 -> 0.017338614 | D6: =D4*D5 -> 0.0003952906 | E6: =E4*E5 -> 0.016749393 | F6: =F4*F5 -> 0.071285903 | G6: =G4*G5 -> 0.49510278 | H6: =H4*H5 -> 0.0003763573 | I6: =I4*I5 -> 51.295262 | J6: =J4*J5 -> 29.807461
A7: Virtual | B7: IC_inferior | C7: =Estatisticas!C15-C6 -> 0.12650007 | D7: =Estatisticas!D15-D6 -> 0.10923489 | E7: =Estatisticas!E15-E6 -> 0.12301185 | F7: =Estatisticas!F15-F6 -> 0.14763362 | G7: =Estatisticas!G15-G6 -> 0.56485978 | H7: =Estatisticas!H15-H6 -> 0.036614673 | I7: =Estatisticas!I15-I6 -> 359.42672 | J7: =Estatisticas!J15-J6 -> 112.42808
A8: Virtual | B8: IC_superior | C8: =Estatisticas!C15+C6 -> 0.16117729 | D8: =Estatisticas!D15+D6 -> 0.11002547 | E8: =Estatisticas!E15+E6 -> 0.15651064 | F8: =Estatisticas!F15+F6 -> 0.29020543 | G8: =Estatisticas!G15+G6 -> 1.5550653 | H8: =Estatisticas!H15+H6 -> 0.037367388 | I8: =Estatisticas!I15+I6 -> 462.01725 | J8: =Estatisticas!J15+J6 -> 172.043
A12: EndPoint | B12: Métrica | C12: lat_mean_s | D12: lat_p50_s | E12: lat_p90_s | F12: lat_p95_s | G12: lat_p99_s | H12: cpu_mean | I12: mem_used_mb | J12: heap_used_mb
A13: Tradicional | B13: Execuções | C13: =ROWS(Tradicional_Sem_Outliers[lat_mean_s_tradicional]) -> 33 | D13: =ROWS(Tradicional_Sem_Outliers[lat_mean_s_tradicional]) -> 33 | E13: =ROWS(Tradicional_Sem_Outliers[lat_mean_s_tradicional]) -> 33 | F13: =ROWS(Tradicional_Sem_Outliers[lat_mean_s_tradicional]) -> 33 | G13: =ROWS(Tradicional_Sem_Outliers[lat_mean_s_tradicional]) -> 33 | H13: =ROWS(Tradicional_Sem_Outliers[lat_mean_s_tradicional]) -> 33 | I13: =ROWS(Tradicional_Sem_Outliers[lat_mean_s_tradicional]) -> 33 | J13: =ROWS(Tradicional_Sem_Outliers[lat_mean_s_tradicional]) -> 33
A14: Tradicional | B14: Graus de liberdade | C14: =ROWS(Tradicional_Sem_Outliers[lat_mean_s_tradicional])-1 -> 32 | D14: =ROWS(Tradicional_Sem_Outliers[lat_mean_s_tradicional])-1 -> 32 | E14: =ROWS(Tradicional_Sem_Outliers[lat_mean_s_tradicional])-1 -> 32 | F14: =ROWS(Tradicional_Sem_Outliers[lat_mean_s_tradicional])-1 -> 32 | G14: =ROWS(Tradicional_Sem_Outliers[lat_mean_s_tradicional])-1 -> 32 | H14: =ROWS(Tradicional_Sem_Outliers[lat_mean_s_tradicional])-1 -> 32 | I14: =ROWS(Tradicional_Sem_Outliers[lat_mean_s_tradicional])-1 -> 32 | J14: =ROWS(Tradicional_Sem_Outliers[lat_mean_s_tradicional])-1 -> 32
A15: Tradicional | B15: Valor crítico t | C15: =_xlfn.T.INV(0.975, C14) -> 2.0369333 | D15: =_xlfn.T.INV(0.975, D14) -> 2.0369333 | E15: =_xlfn.T.INV(0.975, E14) -> 2.0369333 | F15: =_xlfn.T.INV(0.975, F14) -> 2.0369333 | G15: =_xlfn.T.INV(0.975, G14) -> 2.0369333 | H15: =_xlfn.T.INV(0.975, H14) -> 2.0369333 | I15: =_xlfn.T.INV(0.975, I14) -> 2.0369333 | J15: =_xlfn.T.INV(0.975, J14) -> 2.0369333
A16: Tradicional | B16: Erro padrão da média | C16: =Estatisticas!C24/SQRT(C13) -> 0.015224848 | D16: =Estatisticas!D24/SQRT(D13) -> 0.00032986608 | E16: =Estatisticas!E24/SQRT(E13) -> 0.0093771364 | F16: =Estatisticas!F24/SQRT(F13) -> 0.055172561 | G16: =Estatisticas!G24/SQRT(G13) -> 0.4869332 | H16: =Estatisticas!H24/SQRT(H13) -> 0.00016623954 | I16: =Estatisticas!I24/SQRT(I13) -> 21.679263 | J16: =Estatisticas!J24/SQRT(J13) -> 12.835029
A17: Tradicional | B17: Margem de erro | C17: =C15*C16 -> 0.031012001 | D17: =D15*D16 -> 0.00067191523 | E17: =E15*E16 -> 0.019100602 | F17: =F15*F16 -> 0.11238283 | G17: =G15*G16 -> 0.99185048 | H17: =H15*H16 -> 0.00033861885 | I17: =I15*I16 -> 44.159214 | J17: =J15*J16 -> 26.144098
A18: Tradicional | B18: IC_inferior | C18: =Estatisticas!C20-C17 -> 0.14519032 | D18: =Estatisticas!D20-D17 -> 0.11120335 | E18: =Estatisticas!E20-E17 -> 0.13623125 | F18: =Estatisticas!F20-F17 -> 0.2222033 | G18: =Estatisticas!G20-G17 -> 0.95133581 | H18: =Estatisticas!H20-H17 -> 0.082223286 | I18: =Estatisticas!I20-I17 -> 418.06475 | J18: =Estatisticas!J20-J17 -> 153.48699
A19: Tradicional | B19: IC_superior | C19: =Estatisticas!C20+C17 -> 0.20721433 | D19: =Estatisticas!D20+D17 -> 0.11254718 | E19: =Estatisticas!E20+E17 -> 0.17443245 | F19: =Estatisticas!F20+F17 -> 0.44696896 | G19: =Estatisticas!G20+G17 -> 2.9350368 | H19: =Estatisticas!H20+H17 -> 0.082900523 | I19: =Estatisticas!I20+I17 -> 506.38318 | J19: =Estatisticas!J20+J17 -> 205.77519
A22: EndPoint | B22: Metrica | C22: lat_mean_s | D22: lat_p50_s | E22: lat_p90_s | F22: lat_p95_s | G22: lat_p99_s | H22: cpu_mean | I22: mem_used_mb | J22: heap_used_mb
A23: Tradicional | B23: Largura_95 | C23: =(C19-C18)/Estatisticas!C20 -> 0.35200445 | D23: =(D19-D18)/Estatisticas!D20 -> 0.012011864 | E23: =(E19-E18)/Estatisticas!E20 -> 0.24593284 | F23: =(F19-F18)/Estatisticas!F20 -> 0.67177219 | G23: =(G19-G18)/Estatisticas!G20 -> 1.0208496 | H23: =(H19-H18)/Estatisticas!H20 -> 0.0082027868 | I23: =(I19-I18)/Estatisticas!I20 -> 0.1910728 | J23: =(J19-J18)/Estatisticas!J20 -> 0.29108656
A24: Virtual | B24: Largura_95 | C24: =(C8-C7)/Estatisticas!C15 -> 0.24108417 | D24: =(D8-D7)/Estatisticas!D15 -> 0.0072113462 | E24: =(E8-E7)/Estatisticas!E15 -> 0.23968581 | F24: =(F8-F7)/Estatisticas!F15 -> 0.65125214 | G24: =(G8-G7)/Estatisticas!G15 -> 0.93418918 | H24: =(H8-H7)/Estatisticas!H15 -> 0.020348571 | I24: =(I8-I7)/Estatisticas!I15 -> 0.24978094 | J24: =(J8-J7)/Estatisticas!J15 -> 0.41912816

Sheet Outliers
A1: Métrica | B1: virtual | C1: tradicional | E1: Métrica | F1: virtual | G1: tradicional
A2: Q1 | B2: =QUARTILE(Virtual[lat_mean_s], 1) -> 0.11451144 | C2: =QUARTILE(Tradicional[lat_mean_s], 1) -> 0.11697403 | E2: Q1 | F2: =QUARTILE(Virtual[cpu_mean], 1) -> 0.036062944 | G2: =QUARTILE(Tradicional[cpu_mean], 1) -> 0.08115182
A3: Q3 | B3: =QUARTILE(Virtual[lat_mean_s], 3) -> 0.32647964 | C3: =QUARTILE(Tradicional[lat_mean_s], 3) -> 0.33707702 | E3: Q3 | F3: =QUARTILE(Virtual[cpu_mean], 3) -> 0.038270599 | G3: =QUARTILE(Tradicional[cpu_mean], 3) -> 0.083314394
A4: IQR | B4: =B3 - B2 -> 0.2119682 | C4: =C3 - C2 -> 0.22010299 | E4: IQR | F4: =F3 - F2 -> 0.0022076551 | G4: =G3 - G2 -> 0.0021625738
A5: Limite inferior | B5: =B2 - 1.5 * B4 -> -0.20344086 | C5: =C2 - 1.5 * C4 -> -0.21318046 | E5: Limite inferior | F5: =F2 - 1.5 * F4 -> 0.032751461 | G5: =G2 - 1.5 * G4 -> 0.077907959
A6: Limite superior | B6: =B2 + 1.5 * B4 -> 0.43246374 | C6: =C2 + 1.5 * C4 -> 0.44712852 | E6: Limite superior | F6: =F2 + 1.5 * F4 -> 0.039374427 | G6: =G2 + 1.5 * G4 -> 0.084395681
A9: Métrica | B9: virtual | C9: tradicional | E9: Métrica | F9: virtual | G9: tradicional
A10: Q1 | B10: =QUARTILE(Virtual[mem_used_mb], 1) -> 291.25332 | C10: =QUARTILE(Tradicional[mem_used_mb], 1) -> 338.14516 | E10: Q1 | F10: =QUARTILE(Virtual[heap_used_mb], 1) -> 88.250802 | G10: =QUARTILE(Tradicional[heap_used_mb], 1) -> 100.25188
A11: Q3 | B11: =QUARTILE(Virtual[mem_used_mb], 3) -> 624.86355 | C11: =QUARTILE(Tradicional[mem_used_mb], 3) -> 610.99306 | E11: Q3 | F11: =QUARTILE(Virtual[heap_used_mb], 3) -> 295.63547 | G11: =QUARTILE(Tradicional[heap_used_mb], 3) -> 281.27054
A12: IQR | B12: =B11 - B10 -> 333.61023 | C12: =C11 - C10 -> 272.8479 | E12: IQR | F12: =F11 - F10 -> 207.38467 | G12: =G11 - G10 -> 181.01866
A13: Limite inferior | B13: =B10 - 1.5 * B12 -> -209.16203 | C13: =C10 - 1.5 * C12 -> -71.126697 | E13: Limite inferior | F13: =F10 - 1.5 * F12 -> -222.8262 | G13: =G10 - 1.5 * G12 -> -171.2761
A14: Limite superior | B14: =B10 + 1.5 * B12 -> 791.66867 | C14: =C10 + 1.5 * C12 -> 747.41701 | E14: Limite superior | F14: =F10 + 1.5 * F12 -> 399.32781 | G14: =G10 + 1.5 * G12 -> 371.77987

Sheet Dados_sem_outliers
A1: run | B1: lat_mean_s_virtual | C1: lat_p50_s | D1: lat_p90_s | E1: lat_p95_s | F1: lat_p99_s | G1: lat_max_s | H1: requests | I1: rate | J1: throughput | K1: success | L1: bytes_in_total | M1: cpu_mean | N1: mem_used_mb | O1: heap_used_mb
A2: =IFERROR(__xludf.DUMMYFUNCTION("FILTER(Dados!A2:O51, Dados!P2:P51 = ""OK"") "),2.0) -> 2 | B2: =IFERROR(__xludf.DUMMYFUNCTION("""COMPUTED_VALUE"""),0.143919951) -> 0.14391995 | C2: =IFERROR(__xludf.DUMMYFUNCTION("""COMPUTED_VALUE"""),0.10859756) -> 0.10859756 | D2: =IFERROR(__xludf.DUMMYFUNCTION("""COMPUTED_VALUE"""),0.125190161) -> 0.12519016 | E2: =IFERROR(__xludf.DUMMYFUNCTION("""COMPUTED_VALUE"""),0.208158526) -> 0.20815853 | F2: =IFERROR(__xludf.DUMMYFUNCTION("""COMPUTED_VALUE"""),1.046642551) -> 1.0466426 | G2: =IFERROR(__xludf.DUMMYFUNCTION("""COMPUTED_VALUE"""),9.832742925) -> 9.8327429 | H2: =IFERROR(__xludf.DUMMYFUNCTION("""COMPUTED_VALUE"""),600000.0) -> 600000 | I2: =IFERROR(__xludf.DUMMYFUNCTION("""COMPUTED_VALUE"""),1000.00161084592) -> 1000.0016 | J2: =IFERROR(__xludf.DUMMYFUNCTION("""COMPUTED_VALUE"""),999.820119086586) -> 999.82012 | K2: =IFERROR(__xludf.DUMMYFUNCTION("""COMPUTED_VALUE"""),0.999996666666666) -> 0.99999667 | L2: =IFERROR(__xludf.DUMMYFUNCTION("""COMPUTED_VALUE"""),1.9799934E7) -> 19799934 | M2: =IFERROR(__xludf.DUMMYFUNCTION("""COMPUTED_VALUE"""),0.0369968075897993) -> 0.036996808 | N2: =IFERROR(__xludf.DUMMYFUNCTION("""COMPUTED_VALUE"""),733.641687760966) -> 733.64169 | O2: =IFERROR(__xludf.DUMMYFUNCTION("""COMPUTED_VALUE"""),351.826790106101) -> 351.82679
A3: =IFERROR(__xludf.DUMMYFUNCTION("""COMPUTED_VALUE"""),4.0) -> 4 | B3: =IFERROR(__xludf.DUMMYFUNCTION("""COMPUTED_VALUE"""),0.124497518) -> 0.12449752 | C3: =IFERROR(__xludf.DUMMYFUNCTION("""COMPUTED_VALUE"""),0.108805519) -> 0.10880552 | D3: =IFERROR(__xludf.DUMMYFUNCTION("""COMPUTED_VALUE"""),0.123807358) -> 0.12380736 | E3: =IFERROR(__xludf.DUMMYFUNCTION("""COMPUTED_VALUE"""),0.141385531) -> 0.14138553 | F3: =IFERROR(__xludf.DUMMYFUNCTION("""COMPUTED_VALUE"""),0.373955079) -> 0.37395508 | G3: =IFERROR(__xludf.DUMMYFUNCTION("""COMPUTED_VALUE"""),6.102789987) -> 6.10279 | H3: =IFERROR(__xludf.DUMMYFUNCTION("""COMPUTED_VALUE"""),600000.0) -> 600000 | I3: =IFERROR(__xludf.DUMMYFUNCTION("""COMPUTED_VALUE"""),1000.00146625881) -> 1000.0015 | J3: =IFERROR(__xludf.DUMMYFUNCTION("""COMPUTED_VALUE"""),999.779353145778) -> 999.77935 | K3: =IFERROR(__xludf.DUMMYFUNCTION("""COMPUTED_VALUE"""),1.0) -> 1 | L3: =IFERROR(__xludf.DUMMYFUNCTION("""COMPUTED_VALUE"""),1.98E7) -> 19800000 | M3: =IFERROR(__xludf.DUMMYFUNCTION("""COMPUTED_VALUE"""),0.0354984976479933) -> 0.035498498 | N3: =IFERROR(__xludf.DUMMYFUNCTION("""COMPUTED_VALUE"""),445.098380735203) -> 445.09838 | O3: =IFERROR(__xludf.DUMMYFUNCTION("""COMPUTED_VALUE"""),144.845465723673) -> 144.84547
A4: =IFERROR(__xludf.DUMMYFUNCTION("""COMPUTED_VALUE"""),6.0) -> 6 | B4: =IFERROR(__xludf.DUMMYFUNCTION("""COMPUTED_VALUE"""),0.112674829) -> 0.11267483 | C4: =IFERROR(__xludf.DUMMYFUNCTION("""COMPUTED_VALUE"""),0.108404927) -> 0.10840493 | D4: =IFERROR(__xludf.DUMMYFUNCTION("""COMPUTED_VALUE"""),0.118187534) -> 0.11818753 | E4: =IFERROR(__xludf.DUMMYFUNCTION("""COMPUTED_VALUE"""),0.127892709) -> 0.12789271 | F4: =IFERROR(__xludf.DUMMYFUNCTION("""COMPUTED_VALUE"""),0.212994313) -> 0.21299431 | G4: =IFERROR(__xludf.DUMMYFUNCTION("""COMPUTED_VALUE"""),0.56202258) -> 0.56202258 | H4: =IFERROR(__xludf.DUMMYFUNCTION("""COMPUTED_VALUE"""),600000.0) -> 600000 | I4: =IFERROR(__xludf.DUMMYFUNCTION("""COMPUTED_VALUE"""),1000.00091665084) -> 1000.0009 | J4: =IFERROR(__xludf.DUMMYFUNCTION("""COMPUTED_VALUE"""),999.821948073134) -> 999.82195 | K4: =IFERROR(__xludf.DUMMYFUNCTION("""COMPUTED_VALUE"""),1.0) -> 1 | L4: =IFERROR(__xludf.DUMMYFUNCTION("""COMPUTED_VALUE"""),1.98E7) -> 19800000 | M4: =IFERROR(__xludf.DUMMYFUNCTION("""COMPUTED_VALUE"""),0.0370026325852842) -> 0.037002633 | N4: =IFERROR(__xludf.DUMMYFUNCTION("""COMPUTED_VALUE"""),507.433959220606) -> 507.43396 | O4: =IFERROR(__xludf.DUMMYFUNCTION("""COMPUTED_VALUE"""),232.92969235834) -> 232.92969
A5: =IFERROR(__xludf.DUMMYFUNCTION("""COMPUTED_VALUE"""),8.0) -> 8 | B5: =IFERROR(__xludf.DUMMYFUNCTION("""COMPUTED_VALUE"""),0.211555571) -> 0.21155557 | C5: =IFERROR(__xludf.DUMMYFUNCTION("""COMPUTED_VALUE"""),0.111359169) -> 0.11135917 | D5: =IFERROR(__xludf.DUMMYFUNCTION("""COMPUTED_VALUE"""),0.182734035) -> 0.18273403 | E5: =IFERROR(__xludf.DUMMYFUNCTION("""COMPUTED_VALUE"""),0.567805831) -> 0.56780583 | F5: =IFERROR(__xludf.DUMMYFUNCTION("""COMPUTED_VALUE"""),2.584162808) -> 2.5841628 | G5: =IFERROR(__xludf.DUMMYFUNCTION("""COMPUTED_VALUE"""),13.390707582) -> 13.390708 | H5: =IFERROR(__xludf.DUMMYFUNCTION("""COMPUTED_VALUE"""),600000.0) -> 600000 | I5: =IFERROR(__xludf.DUMMYFUNCTION("""COMPUTED_VALUE"""),1000.00161889428) -> 1000.0016 | J5: =IFERROR(__xludf.DUMMYFUNCTION("""COMPUTED_VALUE"""),999.781865717339) -> 999.78187 | K5: =IFERROR(__xludf.DUMMYFUNCTION("""COMPUTED_VALUE"""),0.999978333333333) -> 0.99997833 | L5: =IFERROR(__xludf.DUMMYFUNCTION("""COMPUTED_VALUE"""),1.9799571E7) -> 19799571 | M5: =IFERROR(__xludf.DUMMYFUNCTION("""COMPUTED_VALUE"""),0.0370718111161936) -> 0.037071811 | N5: =IFERROR(__xludf.DUMMYFUNCTION("""COMPUTED_VALUE"""),403.452087583541) -> 403.45209 | O5: =IFERROR(__xludf.DUMMYFUNCTION("""COMPUTED_VALUE"""),90.933531637494) -> 90.933532
A6: =IFERROR(__xludf.DUMMYFUNCTION("""COMPUTED_VALUE"""),10.0) -> 10 | B6: =IFERROR(__xludf.DUMMYFUNCTION("""COMPUTED_VALUE"""),0.113992954) -> 0.11399295 | C6: =IFERROR(__xludf.DUMMYFUNCTION("""COMPUTED_VALUE"""),0.109370352) -> 0.10937035 | D6: =IFERROR(__xludf.DUMMYFUNCTION("""COMPUTED_VALUE"""),0.121481125) -> 0.12148112 | E6: =IFERROR(__xludf.DUMMYFUNCTION("""COMPUTED_VALUE"""),0.131035647) -> 0.13103565 | F6: =IFERROR(__xludf.DUMMYFUNCTION("""COMPUTED_VALUE"""),0.186572009) -> 0.18657201 | G6: =IFERROR(__xludf.DUMMYFUNCTION("""COMPUTED_VALUE"""),1.670313411) -> 1.6703134 | H6: =IFERROR(__xludf.DUMMYFUNCTION("""COMPUTED_VALUE"""),600000.0) -> 600000 | I6: =IFERROR(__xludf.DUMMYFUNCTION("""COMPUTED_VALUE"""),1000.0016750478) -> 1000.0017 | J6: =IFERROR(__xludf.DUMMYFUNCTION("""COMPUTED_VALUE"""),999.825100160305) -> 999.8251 | K6: =IFERROR(__xludf.DUMMYFUNCTION("""COMPUTED_VALUE"""),1.0) -> 1 | L6: =IFERROR(__xludf.DUMMYFUNCTION("""COMPUTED_VALUE"""),1.98E7) -> 19800000 | M6: =IFERROR(__xludf.DUMMYFUNCTION("""COMPUTED_VALUE"""),0.0383764570685618) -> 0.038376457 | N6: =IFERROR(__xludf.DUMMYFUNCTION("""COMPUTED_VALUE"""),246.507576945628) -> 246.50758 | O6: =IFERROR(__xludf.DUMMYFUNCTION("""COMPUTED_VALUE"""),55.8158362828768) -> 55.815836
A7: =IFERROR(__xludf.DUMMYFUNCTION("""COMPUTED_VALUE"""),12.0) -> 12 | B7: =IFERROR(__xludf.DUMMYFUNCTION("""COMPUTED_VALUE"""),0.111145463) -> 0.11114546 | C7: =IFERROR(__xludf.DUMMYFUNCTION("""COMPUTED_VALUE"""),0.108827734) -> 0.10882773 | D7: =IFERROR(__xludf.DUMMYFUNCTION("""COMPUTED_VALUE"""),0.118019745) -> 0.11801974 | E7: =IFERROR(__xludf.DUMMYFUNCTION("""COMPUTED_VALUE"""),0.123314002) -> 0.123314 | F7: =IFERROR(__xludf.DUMMYFUNCTION("""COMPUTED_VALUE"""),0.145225021) -> 0.14522502 | G7: =IFERROR(__xludf.DUMMYFUNCTION("""COMPUTED_VALUE"""),0.366781289) -> 0.36678129 | H7: =IFERROR(__xludf.DUMMYFUNCTION("""COMPUTED_VALUE"""),600000.0) -> 600000 | I7: =IFERROR(__xludf.DUMMYFUNCTION("""COMPUTED_VALUE"""),1000.00122838817) -> 1000.0012 | J7: =IFERROR(__xludf.DUMMYFUNCTION("""COMPUTED_VALUE"""),999.819681497293) -> 999.81968 | K7: =IFERROR(__xludf.DUMMYFUNCTION("""COMPUTED_VALUE"""),1.0) -> 1 | L7: =IFERROR(__xludf.DUMMYFUNCTION("""COMPUTED_VALUE"""),1.98E7) -> 19800000 | M7: =IFERROR(__xludf.DUMMYFUNCTION("""COMPUTED_VALUE"""),0.0390230563076923) -> 0.039023056 | N7: =IFERROR(__xludf.DUMMYFUNCTION("""COMPUTED_VALUE"""),240.041218235417) -> 240.04122 | O7: =IFERROR(__xludf.DUMMYFUNCTION("""COMPUTED_VALUE"""),55.5286426094921) -> 55.528643
A8: =IFERROR(__xludf.DUMMYFUNCTION("""COMPUTED_VALUE"""),14.0) -> 14 | B8: =IFERROR(__xludf.DUMMYFUNCTION("""COMPUTED_VALUE"""),0.114077662) -> 0.11407766 | C8: =IFERROR(__xludf.DUMMYFUNCTION("""COMPUTED_VALUE"""),0.109529698) -> 0.1095297 | D8: =IFERROR(__xludf.DUMMYFUNCTION("""COMPUTED_VALUE"""),0.124000801) -> 0.1240008 | E8: =IFERROR(__xludf.DUMMYFUNCTION("""COMPUTED_VALUE"""),0.136819047) -> 0.13681905 | F8: =IFERROR(__xludf.DUMMYFUNCTION("""COMPUTED_VALUE"""),0.1936668) -> 0.1936668 | G8: =IFERROR(__xludf.DUMMYFUNCTION("""COMPUTED_VALUE"""),0.380963344) -> 0.38096334 | H8: =IFERROR(__xludf.DUMMYFUNCTION("""COMPUTED_VALUE"""),600000.0) -> 600000 | I8: =IFERROR(__xludf.DUMMYFUNCTION("""COMPUTED_VALUE"""),1000.00161833261) -> 1000.0016 | J8: =IFERROR(__xludf.DUMMYFUNCTION("""COMPUTED_VALUE"""),999.7702648487) -> 999.77026 | K8: =IFERROR(__xludf.DUMMYFUNCTION("""COMPUTED_VALUE"""),1.0) -> 1 | L8: =IFERROR(__xludf.DUMMYFUNCTION("""COMPUTED_VALUE"""),1.98E7) -> 19800000 | M8: =IFERROR(__xludf.DUMMYFUNCTION("""COMPUTED_VALUE"""),0.0372861087274247) -> 0.037286109 | N8: =IFERROR(__xludf.DUMMYFUNCTION("""COMPUTED_VALUE"""),276.951887509659) -> 276.95189 | O8: =IFERROR(__xludf.DUMMYFUNCTION("""COMPUTED_VALUE"""),73.0031150464909) -> 73.003115
A9: =IFERROR(__xludf.DUMMYFUNCTION("""COMPUTED_VALUE"""),16.0) -> 16 | B9: =IFERROR(__xludf.DUMMYFUNCTION("""COMPUTED_VALUE"""),0.146434523) -> 0.14643452 | C9: =IFERROR(__xludf.DUMMYFUNCTION("""COMPUTED_VALUE"""),0.112616244) -> 0.11261624 | D9: =IFERROR(__xludf.DUMMYFUNCTION("""COMPUTED_VALUE"""),0.162560137) -> 0.16256014 | E9: =IFERROR(__xludf.DUMMYFUNCTION("""COMPUTED_VALUE"""),0.225949108) -> 0.22594911 | F9: =IFERROR(__xludf.DUMMYFUNCTION("""COMPUTED_VALUE"""),1.02003324) -> 1.0200332 | G9: =IFERROR(__xludf.DUMMYFUNCTION("""COMPUTED_VALUE"""),8.610516367) -> 8.6105164 | H9: =IFERROR(__xludf.DUMMYFUNCTION("""COMPUTED_VALUE"""),600000.0) -> 600000 | I9: =IFERROR(__xludf.DUMMYFUNCTION("""COMPUTED_VALUE"""),1000.00022426671) -> 1000.0002 | J9: =IFERROR(__xludf.DUMMYFUNCTION("""COMPUTED_VALUE"""),999.820775465525) -> 999.82078 | K9: =IFERROR(__xludf.DUMMYFUNCTION("""COMPUTED_VALUE"""),1.0) -> 1 | L9: =IFERROR(__xludf.DUMMYFUNCTION("""COMPUTED_VALUE"""),1.98E7) -> 19800000 | M9: =IFERROR(__xludf.DUMMYFUNCTION("""COMPUTED_VALUE"""),0.0360044827513377) -> 0.036004483 | N9: =IFERROR(__xludf.DUMMYFUNCTION("""COMPUTED_VALUE"""),449.017108288352) -> 449.01711 | O9: =IFERROR(__xludf.DUMMYFUNCTION("""COMPUTED_VALUE"""),130.879385371666) -> 130.87939
A10: =IFERROR(__xludf.DUMMYFUNCTION("""COMPUTED_VALUE"""),20.0) -> 20 | B10: =IFERROR(__xludf.DUMMYFUNCTION("""COMPUTED_VALUE"""),0.123546462) -> 0.12354646 | C10: =IFERROR(__xludf.DUMMYFUNCTION("""COMPUTED_VALUE"""),0.109383325) -> 0.10938333 | D10: =IFERROR(__xludf.DUMMYFUNCTION("""COMPUTED_VALUE"""),0.12401202) -> 0.12401202 | E10: =IFERROR(__xludf.DUMMYFUNCTION("""COMPUTED_VALUE"""),0.146789394) -> 0.14678939 | F10: =IFERROR(__xludf.DUMMYFUNCTION("""COMPUTED_VALUE"""),0.514642901) -> 0.5146429 | G10: =IFERROR(__xludf.DUMMYFUNCTION("""COMPUTED_VALUE"""),4.828199395) -> 4.8281994 | H10: =IFERROR(__xludf.DUMMYFUNCTION("""COMPUTED_VALUE"""),600000.0) -> 600000 | I10: =IFERROR(__xludf.DUMMYFUNCTION("""COMPUTED_VALUE"""),1000.00179089154) -> 1000.0018 | J10: =IFERROR(__xludf.DUMMYFUNCTION("""COMPUTED_VALUE"""),994.510428772465) -> 994.51043 | K10: =IFERROR(__xludf.DUMMYFUNCTION("""COMPUTED_VALUE"""),1.0) -> 1 | L10: =IFERROR(__xludf.DUMMYFUNCTION("""COMPUTED_VALUE"""),1.98E7) -> 19800000 | M10: =IFERROR(__xludf.DUMMYFUNCTION("""COMPUTED_VALUE"""),0.0374078567101329) -> 0.037407857 | N10: =IFERROR(__xludf.DUMMYFUNCTION("""COMPUTED_VALUE"""),290.629600491689) -> 290.6296 | O10: =IFERROR(__xludf.DUMMYFUNCTION("""COMPUTED_VALUE"""),87.3565588786189) -> 87.356559
A11: =IFERROR(__xludf.DUMMYFUNCTION("""COMPUTED_VALUE"""),22.0) -> 22 | B11: =IFERROR(__xludf.DUMMYFUNCTION("""COMPUTED_VALUE"""),0.112073597) -> 0.1120736 | C11: =IFERROR(__xludf.DUMMYFUNCTION("""COMPUTED_VALUE"""),0.108981025) -> 0.10898102 | D11: =IFERROR(__xludf.DUMMYFUNCTION("""COMPUTED_VALUE"""),0.11922203) -> 0.11922203 | E11: =IFERROR(__xludf.DUMMYFUNCTION("""COMPUTED_VALUE"""),0.126971818) -> 0.12697182 | F11: =IFERROR(__xludf.DUMMYFUNCTION("""COMPUTED_VALUE"""),0.165841593) -> 0.16584159 | G11: =IFERROR(__xludf.DUMMYFUNCTION("""COMPUTED_VALUE"""),0.443381598) -> 0.4433816 | H11: =IFERROR(__xludf.DUMMYFUNCTION("""COMPUTED_VALUE"""),600000.0) -> 600000 | I11: =IFERROR(__xludf.DUMMYFUNCTION("""COMPUTED_VALUE"""),1000.00112322126) -> 1000.0011 | J11: =IFERROR(__xludf.DUMMYFUNCTION("""COMPUTED_VALUE"""),999.822167428381) -> 999.82217 | K11: =IFERROR(__xludf.DUMMYFUNCTION("""COMPUTED_VALUE"""),1.0) -> 1 | L11: =IFERROR(__xludf.DUMMYFUNCTION("""COMPUTED_VALUE"""),1.98E7) -> 19800000 | M11: =IFERROR(__xludf.DUMMYFUNCTION("""COMPUTED_VALUE"""),0.0381777453695652) -> 0.038177745 | N11: =IFERROR(__xludf.DUMMYFUNCTION("""COMPUTED_VALUE"""),254.800371440702) -> 254.80037 | O11: =IFERROR(__xludf.DUMMYFUNCTION("""COMPUTED_VALUE"""),61.275060515164) -> 61.275061
A12: =IFERROR(__xludf.DUMMYFUNCTION("""COMPUTED_VALUE"""),30.0) -> 30 | B12: =IFERROR(__xludf.DUMMYFUNCTION("""COMPUTED_VALUE"""),0.111236712) -> 0.11123671 | C12: =IFERROR(__xludf.DUMMYFUNCTION("""COMPUTED_VALUE"""),0.108700888) -> 0.10870089 | D12: =IFERROR(__xludf.DUMMYFUNCTION("""COMPUTED_VALUE"""),0.119127164) -> 0.11912716 | E12: =IFERROR(__xludf.DUMMYFUNCTION("""COMPUTED_VALUE"""),0.125447282) -> 0.12544728 | F12: =IFERROR(__xludf.DUMMYFUNCTION("""COMPUTED_VALUE"""),0.146265758) -> 0.14626576 | G12: =IFERROR(__xludf.DUMMYFUNCTION("""COMPUTED_VALUE"""),0.299041131) -> 0.29904113 | H12: =IFERROR(__xludf.DUMMYFUNCTION("""COMPUTED_VALUE"""),600000.0) -> 600000 | I12: =IFERROR(__xludf.DUMMYFUNCTION("""COMPUTED_VALUE"""),1000.00098736264) -> 1000.001 | J12: =IFERROR(__xludf.DUMMYFUNCTION("""COMPUTED_VALUE"""),999.823392214152) -> 999.82339 | K12: =IFERROR(__xludf.DUMMYFUNCTION("""COMPUTED_VALUE"""),1.0) -> 1 | L12: =IFERROR(__xludf.DUMMYFUNCTION("""COMPUTED_VALUE"""),1.98E7) -> 19800000 | M12: =IFERROR(__xludf.DUMMYFUNCTION("""COMPUTED_VALUE"""),0.038623443673913) -> 0.038623444 | N12: =IFERROR(__xludf.DUMMYFUNCTION("""COMPUTED_VALUE"""),234.694717956504) -> 234.69472 | O12: =IFERROR(__xludf.DUMMYFUNCTION("""COMPUTED_VALUE"""),49.3406224348908) -> 49.340622
A13: =IFERROR(__xludf.DUMMYFUNCTION("""COMPUTED_VALUE"""),32.0) -> 32 | B13: =IFERROR(__xludf.DUMMYFUNCTION("""COMPUTED_VALUE"""),0.114524893) -> 0.11452489 | C13: =IFERROR(__xludf.DUMMYFUNCTION("""COMPUTED_VALUE"""),0.109972468) -> 0.10997247 | D13: =IFERROR(__xludf.DUMMYFUNCTION("""COMPUTED_VALUE"""),0.126907513) -> 0.12690751 | E13: =IFERROR(__xludf.DUMMYFUNCTION("""COMPUTED_VALUE"""),0.138853721) -> 0.13885372 | F13: =IFERROR(__xludf.DUMMYFUNCTION("""COMPUTED_VALUE"""),0.17944721) -> 0.17944721 | G13: =IFERROR(__xludf.DUMMYFUNCTION("""COMPUTED_VALUE"""),0.781143276) -> 0.78114328 | H13: =IFERROR(__xludf.DUMMYFUNCTION("""COMPUTED_VALUE"""),600000.0) -> 600000 | I13: =IFERROR(__xludf.DUMMYFUNCTION("""COMPUTED_VALUE"""),1000.00040113349) -> 1000.0004 | J13: =IFERROR(__xludf.DUMMYFUNCTION("""COMPUTED_VALUE"""),999.823074564815) -> 999.82307 | K13: =IFERROR(__xludf.DUMMYFUNCTION("""COMPUTED_VALUE"""),1.0) -> 1 | L13: =IFERROR(__xludf.DUMMYFUNCTION("""COMPUTED_VALUE"""),1.98E7) -> 19800000 | M13: =IFERROR(__xludf.DUMMYFUNCTION("""COMPUTED_VALUE"""),0.0379841860802676) -> 0.037984186 | N13: =IFERROR(__xludf.DUMMYFUNCTION("""COMPUTED_VALUE"""),235.175575902744) -> 235.17558 | O13: =IFERROR(__xludf.DUMMYFUNCTION("""COMPUTED_VALUE"""),49.2468930251306) -> 49.246893
A14: =IFERROR(__xludf.DUMMYFUNCTION("""COMPUTED_VALUE"""),34.0) -> 34 | B14: =IFERROR(__xludf.DUMMYFUNCTION("""COMPUTED_VALUE"""),0.111493342) -> 0.11149334 | C14: =IFERROR(__xludf.DUMMYFUNCTION("""COMPUTED_VALUE"""),0.108965187) -> 0.10896519 | D14: =IFERROR(__xludf.DUMMYFUNCTION("""COMPUTED_VALUE"""),0.11877828) -> 0.11877828 | E14: =IFERROR(__xludf.DUMMYFUNCTION("""COMPUTED_VALUE"""),0.12585047) -> 0.12585047 | F14: =IFERROR(__xludf.DUMMYFUNCTION("""COMPUTED_VALUE"""),0.150117235) -> 0.15011723 | G14: =IFERROR(__xludf.DUMMYFUNCTION("""COMPUTED_VALUE"""),0.362771636) -> 0.36277164 | H14: =IFERROR(__xludf.DUMMYFUNCTION("""COMPUTED_VALUE"""),600000.0) -> 600000 | I14: =IFERROR(__xludf.DUMMYFUNCTION("""COMPUTED_VALUE"""),1000.00180278491) -> 1000.0018 | J14: =IFERROR(__xludf.DUMMYFUNCTION("""COMPUTED_VALUE"""),999.822860545612) -> 999.82286 | K14: =IFERROR(__xludf.DUMMYFUNCTION("""COMPUTED_VALUE"""),1.0) -> 1 | L14: =IFERROR(__xludf.DUMMYFUNCTION("""COMPUTED_VALUE"""),1.98E7) -> 19800000 | M14: =IFERROR(__xludf.DUMMYFUNCTION("""COMPUTED_VALUE"""),0.0363090571956521) -> 0.036309057 | N14: =IFERROR(__xludf.DUMMYFUNCTION("""COMPUTED_VALUE"""),299.132266450604) -> 299.13227 | O14: =IFERROR(__xludf.DUMMYFUNCTION("""COMPUTED_VALUE"""),75.890818847469) -> 75.890819
A15: =IFERROR(__xludf.DUMMYFUNCTION("""COMPUTED_VALUE"""),36.0) -> 36 | B15: =IFERROR(__xludf.DUMMYFUNCTION("""COMPUTED_VALUE"""),0.114477893) -> 0.11447789 | C15: =IFERROR(__xludf.DUMMYFUNCTION("""COMPUTED_VALUE"""),0.108915376) -> 0.10891538 | D15: =IFERROR(__xludf.DUMMYFUNCTION("""COMPUTED_VALUE"""),0.124911276) -> 0.12491128 | E15: =IFERROR(__xludf.DUMMYFUNCTION("""COMPUTED_VALUE"""),0.138611221) -> 0.13861122 | F15: =IFERROR(__xludf.DUMMYFUNCTION("""COMPUTED_VALUE"""),0.209316707) -> 0.20931671 | G15: =IFERROR(__xludf.DUMMYFUNCTION("""COMPUTED_VALUE"""),1.058011328) -> 1.0580113 | H15: =IFERROR(__xludf.DUMMYFUNCTION("""COMPUTED_VALUE"""),600000.0) -> 600000 | I15: =IFERROR(__xludf.DUMMYFUNCTION("""COMPUTED_VALUE"""),1000.00171597794) -> 1000.0017 | J15: =IFERROR(__xludf.DUMMYFUNCTION("""COMPUTED_VALUE"""),999.741743362053) -> 999.74174 | K15: =IFERROR(__xludf.DUMMYFUNCTION("""COMPUTED_VALUE"""),1.0) -> 1 | L15: =IFERROR(__xludf.DUMMYFUNCTION("""COMPUTED_VALUE"""),1.98E7) -> 19800000 | M15: =IFERROR(__xludf.DUMMYFUNCTION("""COMPUTED_VALUE"""),0.0371225797416388) -> 0.03712258 | N15: =IFERROR(__xludf.DUMMYFUNCTION("""COMPUTED_VALUE"""),293.124482142109) -> 293.12448 | O15: =IFERROR(__xludf.DUMMYFUNCTION("""COMPUTED_VALUE"""),82.3301272374142) -> 82.330127
A16: =IFERROR(__xludf.DUMMYFUNCTION("""COMPUTED_VALUE"""),38.0) -> 38 | B16: =IFERROR(__xludf.DUMMYFUNCTION("""COMPUTED_VALUE"""),0.136752696) -> 0.1367527 | C16: =IFERROR(__xludf.DUMMYFUNCTION("""COMPUTED_VALUE"""),0.108709343) -> 0.10870934 | D16: =IFERROR(__xludf.DUMMYFUNCTION("""COMPUTED_VALUE"""),0.132643832) -> 0.13264383 | E16: =IFERROR(__xludf.DUMMYFUNCTION("""COMPUTED_VALUE"""),0.194612605) -> 0.1946126 | F16: =IFERROR(__xludf.DUMMYFUNCTION("""COMPUTED_VALUE"""),0.923557216) -> 0.92355722 | G16: =IFERROR(__xludf.DUMMYFUNCTION("""COMPUTED_VALUE"""),5.290283853) -> 5.2902839 | H16: =IFERROR(__xludf.DUMMYFUNCTION("""COMPUTED_VALUE"""),600000.0) -> 600000 | I16: =IFERROR(__xludf.DUMMYFUNCTION("""COMPUTED_VALUE"""),1000.00007364722) -> 1000.0001 | J16: =IFERROR(__xludf.DUMMYFUNCTION("""COMPUTED_VALUE"""),999.8134123881) -> 999.81341 | K16: =IFERROR(__xludf.DUMMYFUNCTION("""COMPUTED_VALUE"""),1.0) -> 1 | L16: =IFERROR(__xludf.DUMMYFUNCTION("""COMPUTED_VALUE"""),1.98E7) -> 19800000 | M16: =IFERROR(__xludf.DUMMYFUNCTION("""COMPUTED_VALUE"""),0.0373702564861203) -> 0.037370256 | N16: =IFERROR(__xludf.DUMMYFUNCTION("""COMPUTED_VALUE"""),436.961509822406) -> 436.96151 | O16: =IFERROR(__xludf.DUMMYFUNCTION("""COMPUTED_VALUE"""),150.853461181416) -> 150.85346
A17: =IFERROR(__xludf.DUMMYFUNCTION("""COMPUTED_VALUE"""),42.0) -> 42 | B17: =IFERROR(__xludf.DUMMYFUNCTION("""COMPUTED_VALUE"""),0.114506952) -> 0.11450695 | C17: =IFERROR(__xludf.DUMMYFUNCTION("""COMPUTED_VALUE"""),0.108732889) -> 0.10873289 | D17: =IFERROR(__xludf.DUMMYFUNCTION("""COMPUTED_VALUE"""),0.120808525) -> 0.12080852 | E17: =IFERROR(__xludf.DUMMYFUNCTION("""COMPUTED_VALUE"""),0.131787415) -> 0.13178741 | F17: =IFERROR(__xludf.DUMMYFUNCTION("""COMPUTED_VALUE"""),0.245612524) -> 0.24561252 | G17: =IFERROR(__xludf.DUMMYFUNCTION("""COMPUTED_VALUE"""),1.232186744) -> 1.2321867 | H17: =IFERROR(__xludf.DUMMYFUNCTION("""COMPUTED_VALUE"""),599999.0) -> 599999 | I17: =IFERROR(__xludf.DUMMYFUNCTION("""COMPUTED_VALUE"""),999.999952176589) -> 999.99995 | J17: =IFERROR(__xludf.DUMMYFUNCTION("""COMPUTED_VALUE"""),999.822599049293) -> 999.8226 | K17: =IFERROR(__xludf.DUMMYFUNCTION("""COMPUTED_VALUE"""),1.0) -> 1 | L17: =IFERROR(__xludf.DUMMYFUNCTION("""COMPUTED_VALUE"""),1.9799967E7) -> 19799967 | M17: =IFERROR(__xludf.DUMMYFUNCTION("""COMPUTED_VALUE"""),0.0370017680903009) -> 0.037001768 | N17: =IFERROR(__xludf.DUMMYFUNCTION("""COMPUTED_VALUE"""),399.068326189044) -> 399.06833 | O17: =IFERROR(__xludf.DUMMYFUNCTION("""COMPUTED_VALUE"""),98.1574241293352) -> 98.157424
A18: =IFERROR(__xludf.DUMMYFUNCTION("""COMPUTED_VALUE"""),44.0) -> 44 | B18: =IFERROR(__xludf.DUMMYFUNCTION("""COMPUTED_VALUE"""),0.160570866) -> 0.16057087 | C18: =IFERROR(__xludf.DUMMYFUNCTION("""COMPUTED_VALUE"""),0.109832302) -> 0.1098323 | D18: =IFERROR(__xludf.DUMMYFUNCTION("""COMPUTED_VALUE"""),0.145246118) -> 0.14524612 | E18: =IFERROR(__xludf.DUMMYFUNCTION("""COMPUTED_VALUE"""),0.212139713) -> 0.21213971 | F18: =IFERROR(__xludf.DUMMYFUNCTION("""COMPUTED_VALUE"""),1.682631179) -> 1.6826312 | G18: =IFERROR(__xludf.DUMMYFUNCTION("""COMPUTED_VALUE"""),13.729631515) -> 13.729632 | H18: =IFERROR(__xludf.DUMMYFUNCTION("""COMPUTED_VALUE"""),600000.0) -> 600000 | I18: =IFERROR(__xludf.DUMMYFUNCTION("""COMPUTED_VALUE"""),1000.00102055937) -> 1000.001 | J18: =IFERROR(__xludf.DUMMYFUNCTION("""COMPUTED_VALUE"""),999.763919825197) -> 999.76392 | K18: =IFERROR(__xludf.DUMMYFUNCTION("""COMPUTED_VALUE"""),0.999986666666666) -> 0.99998667 | L18: =IFERROR(__xludf.DUMMYFUNCTION("""COMPUTED_VALUE"""),1.9799736E7) -> 19799736 | M18: =IFERROR(__xludf.DUMMYFUNCTION("""COMPUTED_VALUE"""),0.0361342676516722) -> 0.036134268 | N18: =IFERROR(__xludf.DUMMYFUNCTION("""COMPUTED_VALUE"""),597.641455456092) -> 597.64146 | O18: =IFERROR(__xludf.DUMMYFUNCTION("""COMPUTED_VALUE"""),300.365315193353) -> 300.36532
A19: =IFERROR(__xludf.DUMMYFUNCTION("""COMPUTED_VALUE"""),46.0) -> 46 | B19: =IFERROR(__xludf.DUMMYFUNCTION("""COMPUTED_VALUE"""),0.116445897) -> 0.1164459 | C19: =IFERROR(__xludf.DUMMYFUNCTION("""COMPUTED_VALUE"""),0.110527042) -> 0.11052704 | D19: =IFERROR(__xludf.DUMMYFUNCTION("""COMPUTED_VALUE"""),0.129837725) -> 0.12983772 | E19: =IFERROR(__xludf.DUMMYFUNCTION("""COMPUTED_VALUE"""),0.144913037) -> 0.14491304 | F19: =IFERROR(__xludf.DUMMYFUNCTION("""COMPUTED_VALUE"""),0.20894931) -> 0.20894931 | G19: =IFERROR(__xludf.DUMMYFUNCTION("""COMPUTED_VALUE"""),1.254154763) -> 1.2541548 | H19: =IFERROR(__xludf.DUMMYFUNCTION("""COMPUTED_VALUE"""),600000.0) -> 600000 | I19: =IFERROR(__xludf.DUMMYFUNCTION("""COMPUTED_VALUE"""),1000.00178249151) -> 1000.0018 | J19: =IFERROR(__xludf.DUMMYFUNCTION("""COMPUTED_VALUE"""),999.781237150989) -> 999.78124 | K19: =IFERROR(__xludf.DUMMYFUNCTION("""COMPUTED_VALUE"""),1.0) -> 1 | L19: =IFERROR(__xludf.DUMMYFUNCTION("""COMPUTED_VALUE"""),1.98E7) -> 19800000 | M19: =IFERROR(__xludf.DUMMYFUNCTION("""COMPUTED_VALUE"""),0.0355613182257525) -> 0.035561318 | N19: =IFERROR(__xludf.DUMMYFUNCTION("""COMPUTED_VALUE"""),325.274064204131) -> 325.27406 | O19: =IFERROR(__xludf.DUMMYFUNCTION("""COMPUTED_VALUE"""),93.7516225256571) -> 93.751623
A20: =IFERROR(__xludf.DUMMYFUNCTION("""COMPUTED_VALUE"""),48.0) -> 48 | B20: =IFERROR(__xludf.DUMMYFUNCTION("""COMPUTED_VALUE"""),0.112795295) -> 0.1127953 | C20: =IFERROR(__xludf.DUMMYFUNCTION("""COMPUTED_VALUE"""),0.109258783) -> 0.10925878 | D20: =IFERROR(__xludf.DUMMYFUNCTION("""COMPUTED_VALUE"""),0.121071798) -> 0.1210718 | E20: =IFERROR(__xludf.DUMMYFUNCTION("""COMPUTED_VALUE"""),0.130742079) -> 0.13074208 | F20: =IFERROR(__xludf.DUMMYFUNCTION("""COMPUTED_VALUE"""),0.171443283) -> 0.17144328 | G20: =IFERROR(__xludf.DUMMYFUNCTION("""COMPUTED_VALUE"""),0.357163254) -> 0.35716325 | H20: =IFERROR(__xludf.DUMMYFUNCTION("""COMPUTED_VALUE"""),600000.0) -> 600000 | I20: =IFERROR(__xludf.DUMMYFUNCTION("""COMPUTED_VALUE"""),1000.00113235294) -> 1000.0011 | J20: =IFERROR(__xludf.DUMMYFUNCTION("""COMPUTED_VALUE"""),999.82030002955) -> 999.8203 | K20: =IFERROR(__xludf.DUMMYFUNCTION("""COMPUTED_VALUE"""),1.0) -> 1 | L20: =IFERROR(__xludf.DUMMYFUNCTION("""COMPUTED_VALUE"""),1.98E7) -> 19800000 | M20: =IFERROR(__xludf.DUMMYFUNCTION("""COMPUTED_VALUE"""),0.0354808312876254) -> 0.035480831 | N20: =IFERROR(__xludf.DUMMYFUNCTION("""COMPUTED_VALUE"""),689.454184167572) -> 689.45418 | O20: =IFERROR(__xludf.DUMMYFUNCTION("""COMPUTED_VALUE"""),278.745295091108) -> 278.7453
A21: =IFERROR(__xludf.DUMMYFUNCTION("""COMPUTED_VALUE"""),50.0) -> 50 | B21: =IFERROR(__xludf.DUMMYFUNCTION("""COMPUTED_VALUE"""),0.20140883) -> 0.20140883 | C21: =IFERROR(__xludf.DUMMYFUNCTION("""COMPUTED_VALUE"""),0.111203945) -> 0.11120394 | D21: =IFERROR(__xludf.DUMMYFUNCTION("""COMPUTED_VALUE"""),0.161611376) -> 0.16161138 | E21: =IFERROR(__xludf.DUMMYFUNCTION("""COMPUTED_VALUE"""),0.378609068) -> 0.37860907 | F21: =IFERROR(__xludf.DUMMYFUNCTION("""COMPUTED_VALUE"""),2.514814476) -> 2.5148145 | G21: =IFERROR(__xludf.DUMMYFUNCTION("""COMPUTED_VALUE"""),40.148690464) -> 40.14869 | H21: =IFERROR(__xludf.DUMMYFUNCTION("""COMPUTED_VALUE"""),600000.0) -> 600000 | I21: =IFERROR(__xludf.DUMMYFUNCTION("""COMPUTED_VALUE"""),1000.00044500853) -> 1000.0004 | J21: =IFERROR(__xludf.DUMMYFUNCTION("""COMPUTED_VALUE"""),999.790294434411) -> 999.79029 | K21: =IFERROR(__xludf.DUMMYFUNCTION("""COMPUTED_VALUE"""),0.999971666666666) -> 0.99997167 | L21: =IFERROR(__xludf.DUMMYFUNCTION("""COMPUTED_VALUE"""),1.9799439E7) -> 19799439 | M21: =IFERROR(__xludf.DUMMYFUNCTION("""COMPUTED_VALUE"""),0.0357941074021739) -> 0.035794107 | N21: =IFERROR(__xludf.DUMMYFUNCTION("""COMPUTED_VALUE"""),530.116743598836) -> 530.11674 | O21: =IFERROR(__xludf.DUMMYFUNCTION("""COMPUTED_VALUE"""),250.299534685029) -> 250.29953
A22: =IFERROR(__xludf.DUMMYFUNCTION("""COMPUTED_VALUE"""),52.0) -> 52 | B22: =IFERROR(__xludf.DUMMYFUNCTION("""COMPUTED_VALUE"""),0.136081472) -> 0.13608147 | C22: =IFERROR(__xludf.DUMMYFUNCTION("""COMPUTED_VALUE"""),0.111351518) -> 0.11135152 | D22: =IFERROR(__xludf.DUMMYFUNCTION("""COMPUTED_VALUE"""),0.149484285) -> 0.14948428 | E22: =IFERROR(__xludf.DUMMYFUNCTION("""COMPUTED_VALUE"""),0.21050375) -> 0.21050375 | F22: =IFERROR(__xludf.DUMMYFUNCTION("""COMPUTED_VALUE"""),0.680533685) -> 0.68053368 | G22: =IFERROR(__xludf.DUMMYFUNCTION("""COMPUTED_VALUE"""),4.821936891) -> 4.8219369 | H22: =IFERROR(__xludf.DUMMYFUNCTION("""COMPUTED_VALUE"""),600000.0) -> 600000 | I22: =IFERROR(__xludf.DUMMYFUNCTION("""COMPUTED_VALUE"""),1000.00121805815) -> 1000.0012 | J22: =IFERROR(__xludf.DUMMYFUNCTION("""COMPUTED_VALUE"""),999.82266553309) -> 999.82267 | K22: =IFERROR(__xludf.DUMMYFUNCTION("""COMPUTED_VALUE"""),1.0) -> 1 | L22: =IFERROR(__xludf.DUMMYFUNCTION("""COMPUTED_VALUE"""),1.98E7) -> 19800000 | M22: =IFERROR(__xludf.DUMMYFUNCTION("""COMPUTED_VALUE"""),0.0355684997916387) -> 0.0355685 | N22: =IFERROR(__xludf.DUMMYFUNCTION("""COMPUTED_VALUE"""),438.110323302534) -> 438.11032 | O22: =IFERROR(__xludf.DUMMYFUNCTION("""COMPUTED_VALUE"""),170.187455649997) -> 170.18746
A23: =IFERROR(__xludf.DUMMYFUNCTION("""COMPUTED_VALUE"""),54.0) -> 54 | B23: =IFERROR(__xludf.DUMMYFUNCTION("""COMPUTED_VALUE"""),0.159285252) -> 0.15928525 | C23: =IFERROR(__xludf.DUMMYFUNCTION("""COMPUTED_VALUE"""),0.110406895) -> 0.1104069 | D23: =IFERROR(__xludf.DUMMYFUNCTION("""COMPUTED_VALUE"""),0.144926147) -> 0.14492615 | E23: =IFERROR(__xludf.DUMMYFUNCTION("""COMPUTED_VALUE"""),0.212635292) -> 0.21263529 | F23: =IFERROR(__xludf.DUMMYFUNCTION("""COMPUTED_VALUE"""),1.535640291) -> 1.5356403 | G23: =IFERROR(__xludf.DUMMYFUNCTION("""COMPUTED_VALUE"""),8.192894382) -> 8.1928944 | H23: =IFERROR(__xludf.DUMMYFUNCTION("""COMPUTED_VALUE"""),600000.0) -> 600000 | I23: =IFERROR(__xludf.DUMMYFUNCTION("""COMPUTED_VALUE"""),1000.00139215027) -> 1000.0014 | J23: =IFERROR(__xludf.DUMMYFUNCTION("""COMPUTED_VALUE"""),999.820974869069) -> 999.82097 | K23: =IFERROR(__xludf.DUMMYFUNCTION("""COMPUTED_VALUE"""),1.0) -> 1 | L23: =IFERROR(__xludf.DUMMYFUNCTION("""COMPUTED_VALUE"""),1.98E7) -> 19800000 | M23: =IFERROR(__xludf.DUMMYFUNCTION("""COMPUTED_VALUE"""),0.0386381379192307) -> 0.038638138 | N23: =IFERROR(__xludf.DUMMYFUNCTION("""COMPUTED_VALUE"""),327.152941611453) -> 327.15294 | O23: =IFERROR(__xludf.DUMMYFUNCTION("""COMPUTED_VALUE"""),93.9656480874392) -> 93.965648
A24: =IFERROR(__xludf.DUMMYFUNCTION("""COMPUTED_VALUE"""),56.0) -> 56 | B24: =IFERROR(__xludf.DUMMYFUNCTION("""COMPUTED_VALUE"""),0.190986245) -> 0.19098624 | C24: =IFERROR(__xludf.DUMMYFUNCTION("""COMPUTED_VALUE"""),0.109860921) -> 0.10986092 | D24: =IFERROR(__xludf.DUMMYFUNCTION("""COMPUTED_VALUE"""),0.136086525) -> 0.13608653 | E24: =IFERROR(__xludf.DUMMYFUNCTION("""COMPUTED_VALUE"""),0.176838361) -> 0.17683836 | F24: =IFERROR(__xludf.DUMMYFUNCTION("""COMPUTED_VALUE"""),2.836587993) -> 2.836588 | G24: =IFERROR(__xludf.DUMMYFUNCTION("""COMPUTED_VALUE"""),17.979167047) -> 17.979167 | H24: =IFERROR(__xludf.DUMMYFUNCTION("""COMPUTED_VALUE"""),600000.0) -> 600000 | I24: =IFERROR(__xludf.DUMMYFUNCTION("""COMPUTED_VALUE"""),1000.00171880128) -> 1000.0017 | J24: =IFERROR(__xludf.DUMMYFUNCTION("""COMPUTED_VALUE"""),999.430439034771) -> 999.43044 | K24: =IFERROR(__xludf.DUMMYFUNCTION("""COMPUTED_VALUE"""),0.999605) -> 0.999605 | L24: =IFERROR(__xludf.DUMMYFUNCTION("""COMPUTED_VALUE"""),1.9792179E7) -> 19792179 | M24: =IFERROR(__xludf.DUMMYFUNCTION("""COMPUTED_VALUE"""),0.0371168920894648) -> 0.037116892 | N24: =IFERROR(__xludf.DUMMYFUNCTION("""COMPUTED_VALUE"""),415.902125427042) -> 415.90213 | O24: =IFERROR(__xludf.DUMMYFUNCTION("""COMPUTED_VALUE"""),98.5333006986931) -> 98.533301
A25: =IFERROR(__xludf.DUMMYFUNCTION("""COMPUTED_VALUE"""),58.0) -> 58 | B25: =IFERROR(__xludf.DUMMYFUNCTION("""COMPUTED_VALUE"""),0.159254364) -> 0.15925436 | C25: =IFERROR(__xludf.DUMMYFUNCTION("""COMPUTED_VALUE"""),0.10862898) -> 0.10862898 | D25: =IFERROR(__xludf.DUMMYFUNCTION("""COMPUTED_VALUE"""),0.122271814) -> 0.12227181 | E25: =IFERROR(__xludf.DUMMYFUNCTION("""COMPUTED_VALUE"""),0.139071188) -> 0.13907119 | F25: =IFERROR(__xludf.DUMMYFUNCTION("""COMPUTED_VALUE"""),1.828304059) -> 1.8283041 | G25: =IFERROR(__xludf.DUMMYFUNCTION("""COMPUTED_VALUE"""),15.874730261) -> 15.87473 | H25: =IFERROR(__xludf.DUMMYFUNCTION("""COMPUTED_VALUE"""),600000.0) -> 600000 | I25: =IFERROR(__xludf.DUMMYFUNCTION("""COMPUTED_VALUE"""),1000.00113270961) -> 1000.0011 | J25: =IFERROR(__xludf.DUMMYFUNCTION("""COMPUTED_VALUE"""),996.297275921096) -> 996.29728 | K25: =IFERROR(__xludf.DUMMYFUNCTION("""COMPUTED_VALUE"""),0.999986666666666) -> 0.99998667 | L25: =IFERROR(__xludf.DUMMYFUNCTION("""COMPUTED_VALUE"""),1.9799736E7) -> 19799736 | M25: =IFERROR(__xludf.DUMMYFUNCTION("""COMPUTED_VALUE"""),0.0356745874416666) -> 0.035674587 | N25: =IFERROR(__xludf.DUMMYFUNCTION("""COMPUTED_VALUE"""),690.165205893619) -> 690.16521 | O25: =IFERROR(__xludf.DUMMYFUNCTION("""COMPUTED_VALUE"""),297.598482529322) -> 297.59848
A26: =IFERROR(__xludf.DUMMYFUNCTION("""COMPUTED_VALUE"""),62.0) -> 62 | B26: =IFERROR(__xludf.DUMMYFUNCTION("""COMPUTED_VALUE"""),0.109934616) -> 0.10993462 | C26: =IFERROR(__xludf.DUMMYFUNCTION("""COMPUTED_VALUE"""),0.108068029) -> 0.10806803 | D26: =IFERROR(__xludf.DUMMYFUNCTION("""COMPUTED_VALUE"""),0.115950292) -> 0.11595029 | E26: =IFERROR(__xludf.DUMMYFUNCTION("""COMPUTED_VALUE"""),0.121063234) -> 0.12106323 | F26: =IFERROR(__xludf.DUMMYFUNCTION("""COMPUTED_VALUE"""),0.13652753) -> 0.13652753 | G26: =IFERROR(__xludf.DUMMYFUNCTION("""COMPUTED_VALUE"""),0.314031549) -> 0.31403155 | H26: =IFERROR(__xludf.DUMMYFUNCTION("""COMPUTED_VALUE"""),600000.0) -> 600000 | I26: =IFERROR(__xludf.DUMMYFUNCTION("""COMPUTED_VALUE"""),1000.00106882447) -> 1000.0011 | J26: =IFERROR(__xludf.DUMMYFUNCTION("""COMPUTED_VALUE"""),999.820826175679) -> 999.82083 | K26: =IFERROR(__xludf.DUMMYFUNCTION("""COMPUTED_VALUE"""),1.0) -> 1 | L26: =IFERROR(__xludf.DUMMYFUNCTION("""COMPUTED_VALUE"""),1.98E7) -> 19800000 | M26: =IFERROR(__xludf.DUMMYFUNCTION("""COMPUTED_VALUE"""),0.0383197498428093) -> 0.03831975 | N26: =IFERROR(__xludf.DUMMYFUNCTION("""COMPUTED_VALUE"""),240.117416195558) -> 240.11742 | O26: =IFERROR(__xludf.DUMMYFUNCTION("""COMPUTED_VALUE"""),54.1990847734827) -> 54.199085
A27: =IFERROR(__xludf.DUMMYFUNCTION("""COMPUTED_VALUE"""),64.0) -> 64 | B27: =IFERROR(__xludf.DUMMYFUNCTION("""COMPUTED_VALUE"""),0.167188239) -> 0.16718824 | C27: =IFERROR(__xludf.DUMMYFUNCTION("""COMPUTED_VALUE"""),0.108658087) -> 0.10865809 | D27: =IFERROR(__xludf.DUMMYFUNCTION("""COMPUTED_VALUE"""),0.13386818) -> 0.13386818 | E27: =IFERROR(__xludf.DUMMYFUNCTION("""COMPUTED_VALUE"""),0.269275051) -> 0.26927505 | F27: =IFERROR(__xludf.DUMMYFUNCTION("""COMPUTED_VALUE"""),1.752252693) -> 1.7522527 | G27: =IFERROR(__xludf.DUMMYFUNCTION("""COMPUTED_VALUE"""),13.296849704) -> 13.29685 | H27: =IFERROR(__xludf.DUMMYFUNCTION("""COMPUTED_VALUE"""),600000.0) -> 600000 | I27: =IFERROR(__xludf.DUMMYFUNCTION("""COMPUTED_VALUE"""),1000.00135930018) -> 1000.0014 | J27: =IFERROR(__xludf.DUMMYFUNCTION("""COMPUTED_VALUE"""),999.815157687565) -> 999.81516 | K27: =IFERROR(__xludf.DUMMYFUNCTION("""COMPUTED_VALUE"""),0.99999) -> 0.99999 | L27: =IFERROR(__xludf.DUMMYFUNCTION("""COMPUTED_VALUE"""),1.9799802E7) -> 19799802 | M27: =IFERROR(__xludf.DUMMYFUNCTION("""COMPUTED_VALUE"""),0.0372727367056856) -> 0.037272737 | N27: =IFERROR(__xludf.DUMMYFUNCTION("""COMPUTED_VALUE"""),422.336021749722) -> 422.33602 | O27: =IFERROR(__xludf.DUMMYFUNCTION("""COMPUTED_VALUE"""),147.218243950828) -> 147.21824
A28: =IFERROR(__xludf.DUMMYFUNCTION("""COMPUTED_VALUE"""),66.0) -> 66 | B28: =IFERROR(__xludf.DUMMYFUNCTION("""COMPUTED_VALUE"""),0.110491713) -> 0.11049171 | C28: =IFERROR(__xludf.DUMMYFUNCTION("""COMPUTED_VALUE"""),0.108359638) -> 0.10835964 | D28: =IFERROR(__xludf.DUMMYFUNCTION("""COMPUTED_VALUE"""),0.11638752) -> 0.11638752 | E28: =IFERROR(__xludf.DUMMYFUNCTION("""COMPUTED_VALUE"""),0.121652307) -> 0.12165231 | F28: =IFERROR(__xludf.DUMMYFUNCTION("""COMPUTED_VALUE"""),0.14085589) -> 0.14085589 | G28: =IFERROR(__xludf.DUMMYFUNCTION("""COMPUTED_VALUE"""),0.446520654) -> 0.44652065 | H28: =IFERROR(__xludf.DUMMYFUNCTION("""COMPUTED_VALUE"""),599999.0) -> 599999 | I28: =IFERROR(__xludf.DUMMYFUNCTION("""COMPUTED_VALUE"""),1000.00012592522) -> 1000.0001 | J28: =IFERROR(__xludf.DUMMYFUNCTION("""COMPUTED_VALUE"""),999.816007187873) -> 999.81601 | K28: =IFERROR(__xludf.DUMMYFUNCTION("""COMPUTED_VALUE"""),1.0) -> 1 | L28: =IFERROR(__xludf.DUMMYFUNCTION("""COMPUTED_VALUE"""),1.9799967E7) -> 19799967 | M28: =IFERROR(__xludf.DUMMYFUNCTION("""COMPUTED_VALUE"""),0.0382900717040133) -> 0.038290072 | N28: =IFERROR(__xludf.DUMMYFUNCTION("""COMPUTED_VALUE"""),252.59217409379) -> 252.59217 | O28: =IFERROR(__xludf.DUMMYFUNCTION("""COMPUTED_VALUE"""),54.7979176495526) -> 54.797918
A29: =IFERROR(__xludf.DUMMYFUNCTION("""COMPUTED_VALUE"""),68.0) -> 68 | B29: =IFERROR(__xludf.DUMMYFUNCTION("""COMPUTED_VALUE"""),0.11149579) -> 0.11149579 | C29: =IFERROR(__xludf.DUMMYFUNCTION("""COMPUTED_VALUE"""),0.109038941) -> 0.10903894 | D29: =IFERROR(__xludf.DUMMYFUNCTION("""COMPUTED_VALUE"""),0.11759249) -> 0.11759249 | E29: =IFERROR(__xludf.DUMMYFUNCTION("""COMPUTED_VALUE"""),0.122841989) -> 0.12284199 | F29: =IFERROR(__xludf.DUMMYFUNCTION("""COMPUTED_VALUE"""),0.145560932) -> 0.14556093 | G29: =IFERROR(__xludf.DUMMYFUNCTION("""COMPUTED_VALUE"""),0.468406902) -> 0.4684069 | H29: =IFERROR(__xludf.DUMMYFUNCTION("""COMPUTED_VALUE"""),600000.0) -> 600000 | I29: =IFERROR(__xludf.DUMMYFUNCTION("""COMPUTED_VALUE"""),1000.0000598662) -> 1000.0001 | J29: =IFERROR(__xludf.DUMMYFUNCTION("""COMPUTED_VALUE"""),999.819858121943) -> 999.81986 | K29: =IFERROR(__xludf.DUMMYFUNCTION("""COMPUTED_VALUE"""),1.0) -> 1 | L29: =IFERROR(__xludf.DUMMYFUNCTION("""COMPUTED_VALUE"""),1.98E7) -> 19800000 | M29: =IFERROR(__xludf.DUMMYFUNCTION("""COMPUTED_VALUE"""),0.0377993269849498) -> 0.037799327 | N29: =IFERROR(__xludf.DUMMYFUNCTION("""COMPUTED_VALUE"""),266.347859535472) -> 266.34786 | O29: =IFERROR(__xludf.DUMMYFUNCTION("""COMPUTED_VALUE"""),67.4387723303301) -> 67.438772
A30: =IFERROR(__xludf.DUMMYFUNCTION("""COMPUTED_VALUE"""),70.0) -> 70 | B30: =IFERROR(__xludf.DUMMYFUNCTION("""COMPUTED_VALUE"""),0.131670109) -> 0.13167011 | C30: =IFERROR(__xludf.DUMMYFUNCTION("""COMPUTED_VALUE"""),0.109273525) -> 0.10927352 | D30: =IFERROR(__xludf.DUMMYFUNCTION("""COMPUTED_VALUE"""),0.135261286) -> 0.13526129 | E30: =IFERROR(__xludf.DUMMYFUNCTION("""COMPUTED_VALUE"""),0.258875073) -> 0.25887507 | F30: =IFERROR(__xludf.DUMMYFUNCTION("""COMPUTED_VALUE"""),0.60517779) -> 0.60517779 | G30: =IFERROR(__xludf.DUMMYFUNCTION("""COMPUTED_VALUE"""),2.973716789) -> 2.9737168 | H30: =IFERROR(__xludf.DUMMYFUNCTION("""COMPUTED_VALUE"""),600000.0) -> 600000 | I30: =IFERROR(__xludf.DUMMYFUNCTION("""COMPUTED_VALUE"""),1000.00056159364) -> 1000.0006 | J30: =IFERROR(__xludf.DUMMYFUNCTION("""COMPUTED_VALUE"""),998.967687453767) -> 998.96769 | K30: =IFERROR(__xludf.DUMMYFUNCTION("""COMPUTED_VALUE"""),1.0) -> 1 | L30: =IFERROR(__xludf.DUMMYFUNCTION("""COMPUTED_VALUE"""),1.98E7) -> 19800000 | M30: =IFERROR(__xludf.DUMMYFUNCTION("""COMPUTED_VALUE"""),0.0371624282983277) -> 0.037162428 | N30: =IFERROR(__xludf.DUMMYFUNCTION("""COMPUTED_VALUE"""),446.292774498164) -> 446.29277 | O30: =IFERROR(__xludf.DUMMYFUNCTION("""COMPUTED_VALUE"""),183.776799186827) -> 183.7768
A31: =IFERROR(__xludf.DUMMYFUNCTION("""COMPUTED_VALUE"""),78.0) -> 78 | B31: =IFERROR(__xludf.DUMMYFUNCTION("""COMPUTED_VALUE"""),0.115825681) -> 0.11582568 | C31: =IFERROR(__xludf.DUMMYFUNCTION("""COMPUTED_VALUE"""),0.111203484) -> 0.11120348 | D31: =IFERROR(__xludf.DUMMYFUNCTION("""COMPUTED_VALUE"""),0.128304727) -> 0.12830473 | E31: =IFERROR(__xludf.DUMMYFUNCTION("""COMPUTED_VALUE"""),0.139246085) -> 0.13924608 | F31: =IFERROR(__xludf.DUMMYFUNCTION("""COMPUTED_VALUE"""),0.191991016) -> 0.19199102 | G31: =IFERROR(__xludf.DUMMYFUNCTION("""COMPUTED_VALUE"""),0.467422128) -> 0.46742213 | H31: =IFERROR(__xludf.DUMMYFUNCTION("""COMPUTED_VALUE"""),600000.0) -> 600000 | I31: =IFERROR(__xludf.DUMMYFUNCTION("""COMPUTED_VALUE"""),1000.00113759629) -> 1000.0011 | J31: =IFERROR(__xludf.DUMMYFUNCTION("""COMPUTED_VALUE"""),999.826892506392) -> 999.82689 | K31: =IFERROR(__xludf.DUMMYFUNCTION("""COMPUTED_VALUE"""),1.0) -> 1 | L31: =IFERROR(__xludf.DUMMYFUNCTION("""COMPUTED_VALUE"""),1.98E7) -> 19800000 | M31: =IFERROR(__xludf.DUMMYFUNCTION("""COMPUTED_VALUE"""),0.0349106136856187) -> 0.034910614 | N31: =IFERROR(__xludf.DUMMYFUNCTION("""COMPUTED_VALUE"""),491.243607844255) -> 491.24361 | O31: =IFERROR(__xludf.DUMMYFUNCTION("""COMPUTED_VALUE"""),204.617246411063) -> 204.61725
A32: =IFERROR(__xludf.DUMMYFUNCTION("""COMPUTED_VALUE"""),80.0) -> 80 | B32: =IFERROR(__xludf.DUMMYFUNCTION("""COMPUTED_VALUE"""),0.154045865) -> 0.15404587 | C32: =IFERROR(__xludf.DUMMYFUNCTION("""COMPUTED_VALUE"""),0.112152818) -> 0.11215282 | D32: =IFERROR(__xludf.DUMMYFUNCTION("""COMPUTED_VALUE"""),0.141952945) -> 0.14195294 | E32: =IFERROR(__xludf.DUMMYFUNCTION("""COMPUTED_VALUE"""),0.177260063) -> 0.17726006 | F32: =IFERROR(__xludf.DUMMYFUNCTION("""COMPUTED_VALUE"""),1.453526795) -> 1.4535268 | G32: =IFERROR(__xludf.DUMMYFUNCTION("""COMPUTED_VALUE"""),10.983787028) -> 10.983787 | H32: =IFERROR(__xludf.DUMMYFUNCTION("""COMPUTED_VALUE"""),600000.0) -> 600000 | I32: =IFERROR(__xludf.DUMMYFUNCTION("""COMPUTED_VALUE"""),1000.00117287137) -> 1000.0012 | J32: =IFERROR(__xludf.DUMMYFUNCTION("""COMPUTED_VALUE"""),999.811222751911) -> 999.81122 | K32: =IFERROR(__xludf.DUMMYFUNCTION("""COMPUTED_VALUE"""),1.0) -> 1 | L32: =IFERROR(__xludf.DUMMYFUNCTION("""COMPUTED_VALUE"""),1.98E7) -> 19800000 | M32: =IFERROR(__xludf.DUMMYFUNCTION("""COMPUTED_VALUE"""),0.0367822402976588) -> 0.03678224 | N32: =IFERROR(__xludf.DUMMYFUNCTION("""COMPUTED_VALUE"""),321.278467705333) -> 321.27847 | O32: =IFERROR(__xludf.DUMMYFUNCTION("""COMPUTED_VALUE"""),94.9996336438664) -> 94.999634
A33: =IFERROR(__xludf.DUMMYFUNCTION("""COMPUTED_VALUE"""),82.0) -> 82 | B33: =IFERROR(__xludf.DUMMYFUNCTION("""COMPUTED_VALUE"""),0.122625092) -> 0.12262509 | C33: =IFERROR(__xludf.DUMMYFUNCTION("""COMPUTED_VALUE"""),0.108907538) -> 0.10890754 | D33: =IFERROR(__xludf.DUMMYFUNCTION("""COMPUTED_VALUE"""),0.123833842) -> 0.12383384 | E33: =IFERROR(__xludf.DUMMYFUNCTION("""COMPUTED_VALUE"""),0.138243177) -> 0.13824318 | F33: =IFERROR(__xludf.DUMMYFUNCTION("""COMPUTED_VALUE"""),0.418200096) -> 0.4182001 | G33: =IFERROR(__xludf.DUMMYFUNCTION("""COMPUTED_VALUE"""),5.787904534) -> 5.7879045 | H33: =IFERROR(__xludf.DUMMYFUNCTION("""COMPUTED_VALUE"""),600000.0) -> 600000 | I33: =IFERROR(__xludf.DUMMYFUNCTION("""COMPUTED_VALUE"""),1000.00155925409) -> 1000.0016 | J33: =IFERROR(__xludf.DUMMYFUNCTION("""COMPUTED_VALUE"""),999.824223141269) -> 999.82422 | K33: =IFERROR(__xludf.DUMMYFUNCTION("""COMPUTED_VALUE"""),1.0) -> 1 | L33: =IFERROR(__xludf.DUMMYFUNCTION("""COMPUTED_VALUE"""),1.98E7) -> 19800000 | M33: =IFERROR(__xludf.DUMMYFUNCTION("""COMPUTED_VALUE"""),0.0357071219242474) -> 0.035707122 | N33: =IFERROR(__xludf.DUMMYFUNCTION("""COMPUTED_VALUE"""),356.344212594135) -> 356.34421 | O33: =IFERROR(__xludf.DUMMYFUNCTION("""COMPUTED_VALUE"""),119.669113978633) -> 119.66911
A34: =IFERROR(__xludf.DUMMYFUNCTION("""COMPUTED_VALUE"""),84.0) -> 84 | B34: =IFERROR(__xludf.DUMMYFUNCTION("""COMPUTED_VALUE"""),0.282572396) -> 0.2825724 | C34: =IFERROR(__xludf.DUMMYFUNCTION("""COMPUTED_VALUE"""),0.110948822) -> 0.11094882 | D34: =IFERROR(__xludf.DUMMYFUNCTION("""COMPUTED_VALUE"""),0.161401375) -> 0.16140138 | E34: =IFERROR(__xludf.DUMMYFUNCTION("""COMPUTED_VALUE"""),0.466476022) -> 0.46647602 | F34: =IFERROR(__xludf.DUMMYFUNCTION("""COMPUTED_VALUE"""),5.76928349) -> 5.7692835 | G34: =IFERROR(__xludf.DUMMYFUNCTION("""COMPUTED_VALUE"""),27.2078798) -> 27.20788 | H34: =IFERROR(__xludf.DUMMYFUNCTION("""COMPUTED_VALUE"""),600000.0) -> 600000 | I34: =IFERROR(__xludf.DUMMYFUNCTION("""COMPUTED_VALUE"""),1000.00127240328) -> 1000.0013 | J34: =IFERROR(__xludf.DUMMYFUNCTION("""COMPUTED_VALUE"""),998.67699630616) -> 998.677 | K34: =IFERROR(__xludf.DUMMYFUNCTION("""COMPUTED_VALUE"""),0.998863333333333) -> 0.99886333 | L34: =IFERROR(__xludf.DUMMYFUNCTION("""COMPUTED_VALUE"""),1.9777494E7) -> 19777494 | M34: =IFERROR(__xludf.DUMMYFUNCTION("""COMPUTED_VALUE"""),0.0369650484827759) -> 0.036965048 | N34: =IFERROR(__xludf.DUMMYFUNCTION("""COMPUTED_VALUE"""),522.155823083473) -> 522.15582 | O34: =IFERROR(__xludf.DUMMYFUNCTION("""COMPUTED_VALUE"""),217.730805929605) -> 217.73081
A35: =IFERROR(__xludf.DUMMYFUNCTION("""COMPUTED_VALUE"""),88.0) -> 88 | B35: =IFERROR(__xludf.DUMMYFUNCTION("""COMPUTED_VALUE"""),0.133649697) -> 0.1336497 | C35: =IFERROR(__xludf.DUMMYFUNCTION("""COMPUTED_VALUE"""),0.110193406) -> 0.11019341 | D35: =IFERROR(__xludf.DUMMYFUNCTION("""COMPUTED_VALUE"""),0.139384321) -> 0.13938432 | E35: =IFERROR(__xludf.DUMMYFUNCTION("""COMPUTED_VALUE"""),0.184778965) -> 0.18477896 | F35: =IFERROR(__xludf.DUMMYFUNCTION("""COMPUTED_VALUE"""),0.685093617) -> 0.68509362 | G35: =IFERROR(__xludf.DUMMYFUNCTION("""COMPUTED_VALUE"""),5.667396609) -> 5.6673966 | H35: =IFERROR(__xludf.DUMMYFUNCTION("""COMPUTED_VALUE"""),600000.0) -> 600000 | I35: =IFERROR(__xludf.DUMMYFUNCTION("""COMPUTED_VALUE"""),1000.00093804254) -> 1000.0009 | J35: =IFERROR(__xludf.DUMMYFUNCTION("""COMPUTED_VALUE"""),999.827145410541) -> 999.82715 | K35: =IFERROR(__xludf.DUMMYFUNCTION("""COMPUTED_VALUE"""),1.0) -> 1 | L35: =IFERROR(__xludf.DUMMYFUNCTION("""COMPUTED_VALUE"""),1.98E7) -> 19800000 | M35: =IFERROR(__xludf.DUMMYFUNCTION("""COMPUTED_VALUE"""),0.0360391693377926) -> 0.036039169 | N35: =IFERROR(__xludf.DUMMYFUNCTION("""COMPUTED_VALUE"""),627.991252205009) -> 627.99125 | O35: =IFERROR(__xludf.DUMMYFUNCTION("""COMPUTED_VALUE"""),289.746444157191) -> 289.74644
A36: =IFERROR(__xludf.DUMMYFUNCTION("""COMPUTED_VALUE"""),94.0) -> 94 | B36: =IFERROR(__xludf.DUMMYFUNCTION("""COMPUTED_VALUE"""),0.341115386) -> 0.34111539 | C36: =IFERROR(__xludf.DUMMYFUNCTION("""COMPUTED_VALUE"""),0.109310006) -> 0.10931001 | D36: =IFERROR(__xludf.DUMMYFUNCTION("""COMPUTED_VALUE"""),0.404779251) -> 0.40477925 | E36: =IFERROR(__xludf.DUMMYFUNCTION("""COMPUTED_VALUE"""),1.265734481) -> 1.2657345 | F36: =IFERROR(__xludf.DUMMYFUNCTION("""COMPUTED_VALUE"""),6.043262678) -> 6.0432627 | G36: =IFERROR(__xludf.DUMMYFUNCTION("""COMPUTED_VALUE"""),27.453902833) -> 27.453903 | H36: =IFERROR(__xludf.DUMMYFUNCTION("""COMPUTED_VALUE"""),599999.0) -> 599999 | I36: =IFERROR(__xludf.DUMMYFUNCTION("""COMPUTED_VALUE"""),1000.00084615879) -> 1000.0008 | J36: =IFERROR(__xludf.DUMMYFUNCTION("""COMPUTED_VALUE"""),999.153122124257) -> 999.15312 | K36: =IFERROR(__xludf.DUMMYFUNCTION("""COMPUTED_VALUE"""),0.999331665552776) -> 0.99933167 | L36: =IFERROR(__xludf.DUMMYFUNCTION("""COMPUTED_VALUE"""),1.9786734E7) -> 19786734 | M36: =IFERROR(__xludf.DUMMYFUNCTION("""COMPUTED_VALUE"""),0.0382121810509744) -> 0.038212181 | N36: =IFERROR(__xludf.DUMMYFUNCTION("""COMPUTED_VALUE"""),669.02207986948) -> 669.02208 | O36: =IFERROR(__xludf.DUMMYFUNCTION("""COMPUTED_VALUE"""),170.389812469482) -> 170.38981
A39: run | B39: lat_mean_s_tradicional | C39: lat_p50_s | D39: lat_p90_s | E39: lat_p95_s | F39: lat_p99_s | G39: lat_max_s | H39: requests | I39: rate | J39: throughput | K39: success | L39: bytes_in_total | M39: cpu_mean | N39: mem_used_mb | O39: heap_used_mb
A40: =IFERROR(__xludf.DUMMYFUNCTION("FILTER(Dados!A55:O104, Dados!P55:P104 = ""OK"") "),5.0) -> 5 | B40: =IFERROR(__xludf.DUMMYFUNCTION("""COMPUTED_VALUE"""),0.220982588) -> 0.22098259 | C40: =IFERROR(__xludf.DUMMYFUNCTION("""COMPUTED_VALUE"""),0.112519123) -> 0.11251912 | D40: =IFERROR(__xludf.DUMMYFUNCTION("""COMPUTED_VALUE"""),0.194697575) -> 0.19469758 | E40: =IFERROR(__xludf.DUMMYFUNCTION("""COMPUTED_VALUE"""),0.493880146) -> 0.49388015 | F40: =IFERROR(__xludf.DUMMYFUNCTION("""COMPUTED_VALUE"""),2.971224464) -> 2.9712245 | G40: =IFERROR(__xludf.DUMMYFUNCTION("""COMPUTED_VALUE"""),13.632439182) -> 13.632439 | H40: =IFERROR(__xludf.DUMMYFUNCTION("""COMPUTED_VALUE"""),600000.0) -> 600000 | I40: =IFERROR(__xludf.DUMMYFUNCTION("""COMPUTED_VALUE"""),1000.00156998079) -> 1000.0016 | J40: =IFERROR(__xludf.DUMMYFUNCTION("""COMPUTED_VALUE"""),999.760567344809) -> 999.76057 | K40: =IFERROR(__xludf.DUMMYFUNCTION("""COMPUTED_VALUE"""),0.999941666666666) -> 0.99994167 | L40: =IFERROR(__xludf.DUMMYFUNCTION("""COMPUTED_VALUE"""),2.2198705E7) -> 22198705 | M40: =IFERROR(__xludf.DUMMYFUNCTION("""COMPUTED_VALUE"""),0.08183129906) -> 0.081831299 | N40: =IFERROR(__xludf.DUMMYFUNCTION("""COMPUTED_VALUE"""),668.99371996349) -> 668.99372 | O40: =IFERROR(__xludf.DUMMYFUNCTION("""COMPUTED_VALUE"""),311.778777664256) -> 311.77878
A41: =IFERROR(__xludf.DUMMYFUNCTION("""COMPUTED_VALUE"""),9.0) -> 9 | B41: =IFERROR(__xludf.DUMMYFUNCTION("""COMPUTED_VALUE"""),0.115321554) -> 0.11532155 | C41: =IFERROR(__xludf.DUMMYFUNCTION("""COMPUTED_VALUE"""),0.110955175) -> 0.11095518 | D41: =IFERROR(__xludf.DUMMYFUNCTION("""COMPUTED_VALUE"""),0.126204807) -> 0.12620481 | E41: =IFERROR(__xludf.DUMMYFUNCTION("""COMPUTED_VALUE"""),0.139684337) -> 0.13968434 | F41: =IFERROR(__xludf.DUMMYFUNCTION("""COMPUTED_VALUE"""),0.185329909) -> 0.18532991 | G41: =IFERROR(__xludf.DUMMYFUNCTION("""COMPUTED_VALUE"""),0.361551841) -> 0.36155184 | H41: =IFERROR(__xludf.DUMMYFUNCTION("""COMPUTED_VALUE"""),600000.0) -> 600000 | I41: =IFERROR(__xludf.DUMMYFUNCTION("""COMPUTED_VALUE"""),1000.00161677261) -> 1000.0016 | J41: =IFERROR(__xludf.DUMMYFUNCTION("""COMPUTED_VALUE"""),999.677628535207) -> 999.67763 | K41: =IFERROR(__xludf.DUMMYFUNCTION("""COMPUTED_VALUE"""),1.0) -> 1 | L41: =IFERROR(__xludf.DUMMYFUNCTION("""COMPUTED_VALUE"""),2.22E7) -> 22200000 | M41: =IFERROR(__xludf.DUMMYFUNCTION("""COMPUTED_VALUE"""),0.08391430482) -> 0.083914305 | N41: =IFERROR(__xludf.DUMMYFUNCTION("""COMPUTED_VALUE"""),260.156704917295) -> 260.1567 | O41: =IFERROR(__xludf.DUMMYFUNCTION("""COMPUTED_VALUE"""),60.2288370409447) -> 60.228837
A42: =IFERROR(__xludf.DUMMYFUNCTION("""COMPUTED_VALUE"""),11.0) -> 11 | B42: =IFERROR(__xludf.DUMMYFUNCTION("""COMPUTED_VALUE"""),0.115404782) -> 0.11540478 | C42: =IFERROR(__xludf.DUMMYFUNCTION("""COMPUTED_VALUE"""),0.110516759) -> 0.11051676 | D42: =IFERROR(__xludf.DUMMYFUNCTION("""COMPUTED_VALUE"""),0.124791396) -> 0.1247914 | E42: =IFERROR(__xludf.DUMMYFUNCTION("""COMPUTED_VALUE"""),0.138278628) -> 0.13827863 | F42: =IFERROR(__xludf.DUMMYFUNCTION("""COMPUTED_VALUE"""),0.207562867) -> 0.20756287 | G42: =IFERROR(__xludf.DUMMYFUNCTION("""COMPUTED_VALUE"""),0.631249611) -> 0.63124961 | H42: =IFERROR(__xludf.DUMMYFUNCTION("""COMPUTED_VALUE"""),600000.0) -> 600000 | I42: =IFERROR(__xludf.DUMMYFUNCTION("""COMPUTED_VALUE"""),1000.00125692991) -> 1000.0013 | J42: =IFERROR(__xludf.DUMMYFUNCTION("""COMPUTED_VALUE"""),999.819076682503) -> 999.81908 | K42: =IFERROR(__xludf.DUMMYFUNCTION("""COMPUTED_VALUE"""),1.0) -> 1 | L42: =IFERROR(__xludf.DUMMYFUNCTION("""COMPUTED_VALUE"""),2.22E7) -> 22200000 | M42: =IFERROR(__xludf.DUMMYFUNCTION("""COMPUTED_VALUE"""),0.08337565992) -> 0.08337566 | N42: =IFERROR(__xludf.DUMMYFUNCTION("""COMPUTED_VALUE"""),305.097799385773) -> 305.0978 | O42: =IFERROR(__xludf.DUMMYFUNCTION("""COMPUTED_VALUE"""),90.4855698852539) -> 90.48557
A43: =IFERROR(__xludf.DUMMYFUNCTION("""COMPUTED_VALUE"""),13.0) -> 13 | B43: =IFERROR(__xludf.DUMMYFUNCTION("""COMPUTED_VALUE"""),0.360625734) -> 0.36062573 | C43: =IFERROR(__xludf.DUMMYFUNCTION("""COMPUTED_VALUE"""),0.112207544) -> 0.11220754 | D43: =IFERROR(__xludf.DUMMYFUNCTION("""COMPUTED_VALUE"""),0.145684633) -> 0.14568463 | E43: =IFERROR(__xludf.DUMMYFUNCTION("""COMPUTED_VALUE"""),0.216000115) -> 0.21600011 | F43: =IFERROR(__xludf.DUMMYFUNCTION("""COMPUTED_VALUE"""),9.587224917) -> 9.5872249 | G43: =IFERROR(__xludf.DUMMYFUNCTION("""COMPUTED_VALUE"""),64.146432026) -> 64.146432 | H43: =IFERROR(__xludf.DUMMYFUNCTION("""COMPUTED_VALUE"""),600000.0) -> 600000 | I43: =IFERROR(__xludf.DUMMYFUNCTION("""COMPUTED_VALUE"""),1000.00061050203) -> 1000.0006 | J43: =IFERROR(__xludf.DUMMYFUNCTION("""COMPUTED_VALUE"""),998.332177817257) -> 998.33218 | K43: =IFERROR(__xludf.DUMMYFUNCTION("""COMPUTED_VALUE"""),0.998511666666666) -> 0.99851167 | L43: =IFERROR(__xludf.DUMMYFUNCTION("""COMPUTED_VALUE"""),2.2166959E7) -> 22166959 | M43: =IFERROR(__xludf.DUMMYFUNCTION("""COMPUTED_VALUE"""),0.08207711872) -> 0.082077119 | N43: =IFERROR(__xludf.DUMMYFUNCTION("""COMPUTED_VALUE"""),665.8175936087) -> 665.81759 | O43: =IFERROR(__xludf.DUMMYFUNCTION("""COMPUTED_VALUE"""),288.476155573778) -> 288.47616
A44: =IFERROR(__xludf.DUMMYFUNCTION("""COMPUTED_VALUE"""),15.0) -> 15 | B44: =IFERROR(__xludf.DUMMYFUNCTION("""COMPUTED_VALUE"""),0.422781024) -> 0.42278102 | C44: =IFERROR(__xludf.DUMMYFUNCTION("""COMPUTED_VALUE"""),0.11194808) -> 0.11194808 | D44: =IFERROR(__xludf.DUMMYFUNCTION("""COMPUTED_VALUE"""),0.164256853) -> 0.16425685 | E44: =IFERROR(__xludf.DUMMYFUNCTION("""COMPUTED_VALUE"""),1.236280076) -> 1.2362801 | F44: =IFERROR(__xludf.DUMMYFUNCTION("""COMPUTED_VALUE"""),10.095439506) -> 10.09544 | G44: =IFERROR(__xludf.DUMMYFUNCTION("""COMPUTED_VALUE"""),70.001200629) -> 70.001201 | H44: =IFERROR(__xludf.DUMMYFUNCTION("""COMPUTED_VALUE"""),600000.0) -> 600000 | I44: =IFERROR(__xludf.DUMMYFUNCTION("""COMPUTED_VALUE"""),1000.0018362367) -> 1000.0018 | J44: =IFERROR(__xludf.DUMMYFUNCTION("""COMPUTED_VALUE"""),998.246729539207) -> 998.24673 | K44: =IFERROR(__xludf.DUMMYFUNCTION("""COMPUTED_VALUE"""),0.998426666666666) -> 0.99842667 | L44: =IFERROR(__xludf.DUMMYFUNCTION("""COMPUTED_VALUE"""),2.2165072E7) -> 22165072 | M44: =IFERROR(__xludf.DUMMYFUNCTION("""COMPUTED_VALUE"""),0.08232727198) -> 0.082327272 | N44: =IFERROR(__xludf.DUMMYFUNCTION("""COMPUTED_VALUE"""),599.998594435408) -> 599.99859 | O44: =IFERROR(__xludf.DUMMYFUNCTION("""COMPUTED_VALUE"""),207.994624667697) -> 207.99462
A45: =IFERROR(__xludf.DUMMYFUNCTION("""COMPUTED_VALUE"""),19.0) -> 19 | B45: =IFERROR(__xludf.DUMMYFUNCTION("""COMPUTED_VALUE"""),0.331935163) -> 0.33193516 | C45: =IFERROR(__xludf.DUMMYFUNCTION("""COMPUTED_VALUE"""),0.110916465) -> 0.11091647 | D45: =IFERROR(__xludf.DUMMYFUNCTION("""COMPUTED_VALUE"""),0.157422368) -> 0.15742237 | E45: =IFERROR(__xludf.DUMMYFUNCTION("""COMPUTED_VALUE"""),0.97781786) -> 0.97781786 | F45: =IFERROR(__xludf.DUMMYFUNCTION("""COMPUTED_VALUE"""),7.086547861) -> 7.0865479 | G45: =IFERROR(__xludf.DUMMYFUNCTION("""COMPUTED_VALUE"""),27.494503813) -> 27.494504 | H45: =IFERROR(__xludf.DUMMYFUNCTION("""COMPUTED_VALUE"""),600000.0) -> 600000 | I45: =IFERROR(__xludf.DUMMYFUNCTION("""COMPUTED_VALUE"""),1000.00044269686) -> 1000.0004 | J45: =IFERROR(__xludf.DUMMYFUNCTION("""COMPUTED_VALUE"""),998.710276121671) -> 998.71028 | K45: =IFERROR(__xludf.DUMMYFUNCTION("""COMPUTED_VALUE"""),0.998906666666666) -> 0.99890667 | L45: =IFERROR(__xludf.DUMMYFUNCTION("""COMPUTED_VALUE"""),2.2175728E7) -> 22175728 | M45: =IFERROR(__xludf.DUMMYFUNCTION("""COMPUTED_VALUE"""),0.08305882927) -> 0.083058829 | N45: =IFERROR(__xludf.DUMMYFUNCTION("""COMPUTED_VALUE"""),529.672848535479) -> 529.67285 | O45: =IFERROR(__xludf.DUMMYFUNCTION("""COMPUTED_VALUE"""),222.152491867804) -> 222.15249
A46: =IFERROR(__xludf.DUMMYFUNCTION("""COMPUTED_VALUE"""),23.0) -> 23 | B46: =IFERROR(__xludf.DUMMYFUNCTION("""COMPUTED_VALUE"""),0.306634823) -> 0.30663482 | C46: =IFERROR(__xludf.DUMMYFUNCTION("""COMPUTED_VALUE"""),0.112995949) -> 0.11299595 | D46: =IFERROR(__xludf.DUMMYFUNCTION("""COMPUTED_VALUE"""),0.408805872) -> 0.40880587 | E46: =IFERROR(__xludf.DUMMYFUNCTION("""COMPUTED_VALUE"""),1.122900078) -> 1.1229001 | F46: =IFERROR(__xludf.DUMMYFUNCTION("""COMPUTED_VALUE"""),4.339448288) -> 4.3394483 | G46: =IFERROR(__xludf.DUMMYFUNCTION("""COMPUTED_VALUE"""),21.637875527) -> 21.637876 | H46: =IFERROR(__xludf.DUMMYFUNCTION("""COMPUTED_VALUE"""),600000.0) -> 600000 | I46: =IFERROR(__xludf.DUMMYFUNCTION("""COMPUTED_VALUE"""),1000.00121234313) -> 1000.0012 | J46: =IFERROR(__xludf.DUMMYFUNCTION("""COMPUTED_VALUE"""),973.584926185007) -> 973.58493 | K46: =IFERROR(__xludf.DUMMYFUNCTION("""COMPUTED_VALUE"""),0.9998) -> 0.9998 | L46: =IFERROR(__xludf.DUMMYFUNCTION("""COMPUTED_VALUE"""),2.219556E7) -> 22195560 | M46: =IFERROR(__xludf.DUMMYFUNCTION("""COMPUTED_VALUE"""),0.08065072538) -> 0.080650725 | N46: =IFERROR(__xludf.DUMMYFUNCTION("""COMPUTED_VALUE"""),495.01736043854) -> 495.01736 | O46: =IFERROR(__xludf.DUMMYFUNCTION("""COMPUTED_VALUE"""),196.547639555603) -> 196.54764
A47: =IFERROR(__xludf.DUMMYFUNCTION("""COMPUTED_VALUE"""),27.0) -> 27 | B47: =IFERROR(__xludf.DUMMYFUNCTION("""COMPUTED_VALUE"""),0.345050563) -> 0.34505056 | C47: =IFERROR(__xludf.DUMMYFUNCTION("""COMPUTED_VALUE"""),0.112592111) -> 0.11259211 | D47: =IFERROR(__xludf.DUMMYFUNCTION("""COMPUTED_VALUE"""),0.192842621) -> 0.19284262 | E47: =IFERROR(__xludf.DUMMYFUNCTION("""COMPUTED_VALUE"""),1.038291142) -> 1.0382911 | F47: =IFERROR(__xludf.DUMMYFUNCTION("""COMPUTED_VALUE"""),7.059077224) -> 7.0590772 | G47: =IFERROR(__xludf.DUMMYFUNCTION("""COMPUTED_VALUE"""),23.214725648) -> 23.214726 | H47: =IFERROR(__xludf.DUMMYFUNCTION("""COMPUTED_VALUE"""),600000.0) -> 600000 | I47: =IFERROR(__xludf.DUMMYFUNCTION("""COMPUTED_VALUE"""),999.998415842509) -> 999.99842 | J47: =IFERROR(__xludf.DUMMYFUNCTION("""COMPUTED_VALUE"""),993.812381824863) -> 993.81238 | K47: =IFERROR(__xludf.DUMMYFUNCTION("""COMPUTED_VALUE"""),0.998858333333333) -> 0.99885833 | L47: =IFERROR(__xludf.DUMMYFUNCTION("""COMPUTED_VALUE"""),2.2174655E7) -> 22174655 | M47: =IFERROR(__xludf.DUMMYFUNCTION("""COMPUTED_VALUE"""),0.08156000398) -> 0.081560004 | N47: =IFERROR(__xludf.DUMMYFUNCTION("""COMPUTED_VALUE"""),569.274858949139) -> 569.27486 | O47: =IFERROR(__xludf.DUMMYFUNCTION("""COMPUTED_VALUE"""),270.605612582572) -> 270.60561
A48: =IFERROR(__xludf.DUMMYFUNCTION("""COMPUTED_VALUE"""),29.0) -> 29 | B48: =IFERROR(__xludf.DUMMYFUNCTION("""COMPUTED_VALUE"""),0.133690844) -> 0.13369084 | C48: =IFERROR(__xludf.DUMMYFUNCTION("""COMPUTED_VALUE"""),0.111353489) -> 0.11135349 | D48: =IFERROR(__xludf.DUMMYFUNCTION("""COMPUTED_VALUE"""),0.159478282) -> 0.15947828 | E48: =IFERROR(__xludf.DUMMYFUNCTION("""COMPUTED_VALUE"""),0.251265228) -> 0.25126523 | F48: =IFERROR(__xludf.DUMMYFUNCTION("""COMPUTED_VALUE"""),0.524133181) -> 0.52413318 | G48: =IFERROR(__xludf.DUMMYFUNCTION("""COMPUTED_VALUE"""),2.326143737) -> 2.3261437 | H48: =IFERROR(__xludf.DUMMYFUNCTION("""COMPUTED_VALUE"""),600000.0) -> 600000 | I48: =IFERROR(__xludf.DUMMYFUNCTION("""COMPUTED_VALUE"""),1000.00169267119) -> 1000.0017 | J48: =IFERROR(__xludf.DUMMYFUNCTION("""COMPUTED_VALUE"""),999.289760373854) -> 999.28976 | K48: =IFERROR(__xludf.DUMMYFUNCTION("""COMPUTED_VALUE"""),1.0) -> 1 | L48: =IFERROR(__xludf.DUMMYFUNCTION("""COMPUTED_VALUE"""),2.22E7) -> 22200000 | M48: =IFERROR(__xludf.DUMMYFUNCTION("""COMPUTED_VALUE"""),0.08327883529) -> 0.083278835 | N48: =IFERROR(__xludf.DUMMYFUNCTION("""COMPUTED_VALUE"""),505.296347958236) -> 505.29635 | O48: =IFERROR(__xludf.DUMMYFUNCTION("""COMPUTED_VALUE"""),218.599093244822) -> 218.59909
A49: =IFERROR(__xludf.DUMMYFUNCTION("""COMPUTED_VALUE"""),33.0) -> 33 | B49: =IFERROR(__xludf.DUMMYFUNCTION("""COMPUTED_VALUE"""),0.118205146) -> 0.11820515 | C49: =IFERROR(__xludf.DUMMYFUNCTION("""COMPUTED_VALUE"""),0.111274632) -> 0.11127463 | D49: =IFERROR(__xludf.DUMMYFUNCTION("""COMPUTED_VALUE"""),0.128728536) -> 0.12872854 | E49: =IFERROR(__xludf.DUMMYFUNCTION("""COMPUTED_VALUE"""),0.141316828) -> 0.14131683 | F49: =IFERROR(__xludf.DUMMYFUNCTION("""COMPUTED_VALUE"""),0.201134168) -> 0.20113417 | G49: =IFERROR(__xludf.DUMMYFUNCTION("""COMPUTED_VALUE"""),3.929881751) -> 3.9298818 | H49: =IFERROR(__xludf.DUMMYFUNCTION("""COMPUTED_VALUE"""),600000.0) -> 600000 | I49: =IFERROR(__xludf.DUMMYFUNCTION("""COMPUTED_VALUE"""),1000.00184943508) -> 1000.0018 | J49: =IFERROR(__xludf.DUMMYFUNCTION("""COMPUTED_VALUE"""),999.807885361792) -> 999.80789 | K49: =IFERROR(__xludf.DUMMYFUNCTION("""COMPUTED_VALUE"""),1.0) -> 1 | L49: =IFERROR(__xludf.DUMMYFUNCTION("""COMPUTED_VALUE"""),2.22E7) -> 22200000 | M49: =IFERROR(__xludf.DUMMYFUNCTION("""COMPUTED_VALUE"""),0.08320111067) -> 0.083201111 | N49: =IFERROR(__xludf.DUMMYFUNCTION("""COMPUTED_VALUE"""),334.55157209054) -> 334.55157 | O49: =IFERROR(__xludf.DUMMYFUNCTION("""COMPUTED_VALUE"""),95.6569037326546) -> 95.656904
A50: =IFERROR(__xludf.DUMMYFUNCTION("""COMPUTED_VALUE"""),35.0) -> 35 | B50: =IFERROR(__xludf.DUMMYFUNCTION("""COMPUTED_VALUE"""),0.118060347) -> 0.11806035 | C50: =IFERROR(__xludf.DUMMYFUNCTION("""COMPUTED_VALUE"""),0.110706976) -> 0.11070698 | D50: =IFERROR(__xludf.DUMMYFUNCTION("""COMPUTED_VALUE"""),0.131698739) -> 0.13169874 | E50: =IFERROR(__xludf.DUMMYFUNCTION("""COMPUTED_VALUE"""),0.149963273) -> 0.14996327 | F50: =IFERROR(__xludf.DUMMYFUNCTION("""COMPUTED_VALUE"""),0.235850553) -> 0.23585055 | G50: =IFERROR(__xludf.DUMMYFUNCTION("""COMPUTED_VALUE"""),1.391571684) -> 1.3915717 | H50: =IFERROR(__xludf.DUMMYFUNCTION("""COMPUTED_VALUE"""),600000.0) -> 600000 | I50: =IFERROR(__xludf.DUMMYFUNCTION("""COMPUTED_VALUE"""),1000.00162033929) -> 1000.0016 | J50: =IFERROR(__xludf.DUMMYFUNCTION("""COMPUTED_VALUE"""),999.813934533467) -> 999.81393 | K50: =IFERROR(__xludf.DUMMYFUNCTION("""COMPUTED_VALUE"""),1.0) -> 1 | L50: =IFERROR(__xludf.DUMMYFUNCTION("""COMPUTED_VALUE"""),2.22E7) -> 22200000 | M50: =IFERROR(__xludf.DUMMYFUNCTION("""COMPUTED_VALUE"""),0.08329927392) -> 0.083299274 | N50: =IFERROR(__xludf.DUMMYFUNCTION("""COMPUTED_VALUE"""),351.925867192981) -> 351.92587 | O50: =IFERROR(__xludf.DUMMYFUNCTION("""COMPUTED_VALUE"""),124.826991129346) -> 124.82699
A51: =IFERROR(__xludf.DUMMYFUNCTION("""COMPUTED_VALUE"""),37.0) -> 37 | B51: =IFERROR(__xludf.DUMMYFUNCTION("""COMPUTED_VALUE"""),0.114995326) -> 0.11499533 | C51: =IFERROR(__xludf.DUMMYFUNCTION("""COMPUTED_VALUE"""),0.109671071) -> 0.10967107 | D51: =IFERROR(__xludf.DUMMYFUNCTION("""COMPUTED_VALUE"""),0.123240494) -> 0.12324049 | E51: =IFERROR(__xludf.DUMMYFUNCTION("""COMPUTED_VALUE"""),0.137208077) -> 0.13720808 | F51: =IFERROR(__xludf.DUMMYFUNCTION("""COMPUTED_VALUE"""),0.225693946) -> 0.22569395 | G51: =IFERROR(__xludf.DUMMYFUNCTION("""COMPUTED_VALUE"""),1.215079208) -> 1.2150792 | H51: =IFERROR(__xludf.DUMMYFUNCTION("""COMPUTED_VALUE"""),600000.0) -> 600000 | I51: =IFERROR(__xludf.DUMMYFUNCTION("""COMPUTED_VALUE"""),1000.00130259503) -> 1000.0013 | J51: =IFERROR(__xludf.DUMMYFUNCTION("""COMPUTED_VALUE"""),999.818513809882) -> 999.81851 | K51: =IFERROR(__xludf.DUMMYFUNCTION("""COMPUTED_VALUE"""),1.0) -> 1 | L51: =IFERROR(__xludf.DUMMYFUNCTION("""COMPUTED_VALUE"""),2.22E7) -> 22200000 | M51: =IFERROR(__xludf.DUMMYFUNCTION("""COMPUTED_VALUE"""),0.08304464052) -> 0.083044641 | N51: =IFERROR(__xludf.DUMMYFUNCTION("""COMPUTED_VALUE"""),491.060191151225) -> 491.06019 | O51: =IFERROR(__xludf.DUMMYFUNCTION("""COMPUTED_VALUE"""),221.442723519461) -> 221.44272
A52: =IFERROR(__xludf.DUMMYFUNCTION("""COMPUTED_VALUE"""),39.0) -> 39 | B52: =IFERROR(__xludf.DUMMYFUNCTION("""COMPUTED_VALUE"""),0.258594851) -> 0.25859485 | C52: =IFERROR(__xludf.DUMMYFUNCTION("""COMPUTED_VALUE"""),0.111582261) -> 0.11158226 | D52: =IFERROR(__xludf.DUMMYFUNCTION("""COMPUTED_VALUE"""),0.150428082) -> 0.15042808 | E52: =IFERROR(__xludf.DUMMYFUNCTION("""COMPUTED_VALUE"""),0.375314088) -> 0.37531409 | F52: =IFERROR(__xludf.DUMMYFUNCTION("""COMPUTED_VALUE"""),4.571689638) -> 4.5716896 | G52: =IFERROR(__xludf.DUMMYFUNCTION("""COMPUTED_VALUE"""),30.286432169) -> 30.286432 | H52: =IFERROR(__xludf.DUMMYFUNCTION("""COMPUTED_VALUE"""),600000.0) -> 600000 | I52: =IFERROR(__xludf.DUMMYFUNCTION("""COMPUTED_VALUE"""),1000.00065771376) -> 1000.0007 | J52: =IFERROR(__xludf.DUMMYFUNCTION("""COMPUTED_VALUE"""),999.018556733993) -> 999.01856 | K52: =IFERROR(__xludf.DUMMYFUNCTION("""COMPUTED_VALUE"""),0.999215) -> 0.999215 | L52: =IFERROR(__xludf.DUMMYFUNCTION("""COMPUTED_VALUE"""),2.2182573E7) -> 22182573 | M52: =IFERROR(__xludf.DUMMYFUNCTION("""COMPUTED_VALUE"""),0.08236952697) -> 0.082369527 | N52: =IFERROR(__xludf.DUMMYFUNCTION("""COMPUTED_VALUE"""),381.375023845112) -> 381.37502 | O52: =IFERROR(__xludf.DUMMYFUNCTION("""COMPUTED_VALUE"""),123.843728937421) -> 123.84373
A53: =IFERROR(__xludf.DUMMYFUNCTION("""COMPUTED_VALUE"""),41.0) -> 41 | B53: =IFERROR(__xludf.DUMMYFUNCTION("""COMPUTED_VALUE"""),0.227253391) -> 0.22725339 | C53: =IFERROR(__xludf.DUMMYFUNCTION("""COMPUTED_VALUE"""),0.118623473) -> 0.11862347 | D53: =IFERROR(__xludf.DUMMYFUNCTION("""COMPUTED_VALUE"""),0.2415413) -> 0.2415413 | E53: =IFERROR(__xludf.DUMMYFUNCTION("""COMPUTED_VALUE"""),0.658846267) -> 0.65884627 | F53: =IFERROR(__xludf.DUMMYFUNCTION("""COMPUTED_VALUE"""),2.57820183) -> 2.5782018 | G53: =IFERROR(__xludf.DUMMYFUNCTION("""COMPUTED_VALUE"""),12.667569712) -> 12.66757 | H53: =IFERROR(__xludf.DUMMYFUNCTION("""COMPUTED_VALUE"""),600000.0) -> 600000 | I53: =IFERROR(__xludf.DUMMYFUNCTION("""COMPUTED_VALUE"""),1000.000070975) -> 1000.0001 | J53: =IFERROR(__xludf.DUMMYFUNCTION("""COMPUTED_VALUE"""),999.762490778156) -> 999.76249 | K53: =IFERROR(__xludf.DUMMYFUNCTION("""COMPUTED_VALUE"""),0.999986666666666) -> 0.99998667 | L53: =IFERROR(__xludf.DUMMYFUNCTION("""COMPUTED_VALUE"""),2.2199704E7) -> 22199704 | M53: =IFERROR(__xludf.DUMMYFUNCTION("""COMPUTED_VALUE"""),0.08147450503) -> 0.081474505 | N53: =IFERROR(__xludf.DUMMYFUNCTION("""COMPUTED_VALUE"""),612.864651255233) -> 612.86465 | O53: =IFERROR(__xludf.DUMMYFUNCTION("""COMPUTED_VALUE"""),261.715129292806) -> 261.71513
A54: =IFERROR(__xludf.DUMMYFUNCTION("""COMPUTED_VALUE"""),43.0) -> 43 | B54: =IFERROR(__xludf.DUMMYFUNCTION("""COMPUTED_VALUE"""),0.125610371) -> 0.12561037 | C54: =IFERROR(__xludf.DUMMYFUNCTION("""COMPUTED_VALUE"""),0.111338009) -> 0.11133801 | D54: =IFERROR(__xludf.DUMMYFUNCTION("""COMPUTED_VALUE"""),0.134899203) -> 0.1348992 | E54: =IFERROR(__xludf.DUMMYFUNCTION("""COMPUTED_VALUE"""),0.169001214) -> 0.16900121 | F54: =IFERROR(__xludf.DUMMYFUNCTION("""COMPUTED_VALUE"""),0.440214351) -> 0.44021435 | G54: =IFERROR(__xludf.DUMMYFUNCTION("""COMPUTED_VALUE"""),2.779403113) -> 2.7794031 | H54: =IFERROR(__xludf.DUMMYFUNCTION("""COMPUTED_VALUE"""),600000.0) -> 600000 | I54: =IFERROR(__xludf.DUMMYFUNCTION("""COMPUTED_VALUE"""),1000.00150148392) -> 1000.0015 | J54: =IFERROR(__xludf.DUMMYFUNCTION("""COMPUTED_VALUE"""),999.821651642144) -> 999.82165 | K54: =IFERROR(__xludf.DUMMYFUNCTION("""COMPUTED_VALUE"""),1.0) -> 1 | L54: =IFERROR(__xludf.DUMMYFUNCTION("""COMPUTED_VALUE"""),2.22E7) -> 22200000 | M54: =IFERROR(__xludf.DUMMYFUNCTION("""COMPUTED_VALUE"""),0.08331943377) -> 0.083319434 | N54: =IFERROR(__xludf.DUMMYFUNCTION("""COMPUTED_VALUE"""),386.729695502713) -> 386.7297 | O54: =IFERROR(__xludf.DUMMYFUNCTION("""COMPUTED_VALUE"""),131.996791592604) -> 131.99679
A55: =IFERROR(__xludf.DUMMYFUNCTION("""COMPUTED_VALUE"""),47.0) -> 47 | B55: =IFERROR(__xludf.DUMMYFUNCTION("""COMPUTED_VALUE"""),0.122222164) -> 0.12222216 | C55: =IFERROR(__xludf.DUMMYFUNCTION("""COMPUTED_VALUE"""),0.112913493) -> 0.11291349 | D55: =IFERROR(__xludf.DUMMYFUNCTION("""COMPUTED_VALUE"""),0.135911019) -> 0.13591102 | E55: =IFERROR(__xludf.DUMMYFUNCTION("""COMPUTED_VALUE"""),0.149060545) -> 0.14906054 | F55: =IFERROR(__xludf.DUMMYFUNCTION("""COMPUTED_VALUE"""),0.217325778) -> 0.21732578 | G55: =IFERROR(__xludf.DUMMYFUNCTION("""COMPUTED_VALUE"""),4.790548256) -> 4.7905483 | H55: =IFERROR(__xludf.DUMMYFUNCTION("""COMPUTED_VALUE"""),600000.0) -> 600000 | I55: =IFERROR(__xludf.DUMMYFUNCTION("""COMPUTED_VALUE"""),1000.00179945323) -> 1000.0018 | J55: =IFERROR(__xludf.DUMMYFUNCTION("""COMPUTED_VALUE"""),999.791426148793) -> 999.79143 | K55: =IFERROR(__xludf.DUMMYFUNCTION("""COMPUTED_VALUE"""),1.0) -> 1 | L55: =IFERROR(__xludf.DUMMYFUNCTION("""COMPUTED_VALUE"""),2.22E7) -> 22200000 | M55: =IFERROR(__xludf.DUMMYFUNCTION("""COMPUTED_VALUE"""),0.08343702054) -> 0.083437021 | N55: =IFERROR(__xludf.DUMMYFUNCTION("""COMPUTED_VALUE"""),294.697236057835) -> 294.69724 | O55: =IFERROR(__xludf.DUMMYFUNCTION("""COMPUTED_VALUE"""),85.4895000371066) -> 85.4895
A56: =IFERROR(__xludf.DUMMYFUNCTION("""COMPUTED_VALUE"""),49.0) -> 49 | B56: =IFERROR(__xludf.DUMMYFUNCTION("""COMPUTED_VALUE"""),0.227810772) -> 0.22781077 | C56: =IFERROR(__xludf.DUMMYFUNCTION("""COMPUTED_VALUE"""),0.113859281) -> 0.11385928 | D56: =IFERROR(__xludf.DUMMYFUNCTION("""COMPUTED_VALUE"""),0.183325858) -> 0.18332586 | E56: =IFERROR(__xludf.DUMMYFUNCTION("""COMPUTED_VALUE"""),0.442809877) -> 0.44280988 | F56: =IFERROR(__xludf.DUMMYFUNCTION("""COMPUTED_VALUE"""),3.034880734) -> 3.0348807 | G56: =IFERROR(__xludf.DUMMYFUNCTION("""COMPUTED_VALUE"""),20.129397614) -> 20.129398 | H56: =IFERROR(__xludf.DUMMYFUNCTION("""COMPUTED_VALUE"""),600000.0) -> 600000 | I56: =IFERROR(__xludf.DUMMYFUNCTION("""COMPUTED_VALUE"""),1000.00015359669) -> 1000.0002 | J56: =IFERROR(__xludf.DUMMYFUNCTION("""COMPUTED_VALUE"""),999.80771421878) -> 999.80771 | K56: =IFERROR(__xludf.DUMMYFUNCTION("""COMPUTED_VALUE"""),0.999993333333333) -> 0.99999333 | L56: =IFERROR(__xludf.DUMMYFUNCTION("""COMPUTED_VALUE"""),2.2199852E7) -> 22199852 | M56: =IFERROR(__xludf.DUMMYFUNCTION("""COMPUTED_VALUE"""),0.08260473916) -> 0.082604739 | N56: =IFERROR(__xludf.DUMMYFUNCTION("""COMPUTED_VALUE"""),512.089382057516) -> 512.08938 | O56: =IFERROR(__xludf.DUMMYFUNCTION("""COMPUTED_VALUE"""),216.02497782234) -> 216.02498
A57: =IFERROR(__xludf.DUMMYFUNCTION("""COMPUTED_VALUE"""),51.0) -> 51 | B57: =IFERROR(__xludf.DUMMYFUNCTION("""COMPUTED_VALUE"""),0.182008918) -> 0.18200892 | C57: =IFERROR(__xludf.DUMMYFUNCTION("""COMPUTED_VALUE"""),0.116683018) -> 0.11668302 | D57: =IFERROR(__xludf.DUMMYFUNCTION("""COMPUTED_VALUE"""),0.169927603) -> 0.1699276 | E57: =IFERROR(__xludf.DUMMYFUNCTION("""COMPUTED_VALUE"""),0.394925489) -> 0.39492549 | F57: =IFERROR(__xludf.DUMMYFUNCTION("""COMPUTED_VALUE"""),1.815288504) -> 1.8152885 | G57: =IFERROR(__xludf.DUMMYFUNCTION("""COMPUTED_VALUE"""),7.764686648) -> 7.7646866 | H57: =IFERROR(__xludf.DUMMYFUNCTION("""COMPUTED_VALUE"""),600000.0) -> 600000 | I57: =IFERROR(__xludf.DUMMYFUNCTION("""COMPUTED_VALUE"""),1000.00137231188) -> 1000.0014 | J57: =IFERROR(__xludf.DUMMYFUNCTION("""COMPUTED_VALUE"""),999.770838281773) -> 999.77084 | K57: =IFERROR(__xludf.DUMMYFUNCTION("""COMPUTED_VALUE"""),0.999998333333333) -> 0.99999833 | L57: =IFERROR(__xludf.DUMMYFUNCTION("""COMPUTED_VALUE"""),2.2199963E7) -> 22199963 | M57: =IFERROR(__xludf.DUMMYFUNCTION("""COMPUTED_VALUE"""),0.08212157569) -> 0.082121576 | N57: =IFERROR(__xludf.DUMMYFUNCTION("""COMPUTED_VALUE"""),447.297600547608) -> 447.2976 | O57: =IFERROR(__xludf.DUMMYFUNCTION("""COMPUTED_VALUE"""),172.359722296396) -> 172.35972
A58: =IFERROR(__xludf.DUMMYFUNCTION("""COMPUTED_VALUE"""),53.0) -> 53 | B58: =IFERROR(__xludf.DUMMYFUNCTION("""COMPUTED_VALUE"""),0.212795509) -> 0.21279551 | C58: =IFERROR(__xludf.DUMMYFUNCTION("""COMPUTED_VALUE"""),0.113736777) -> 0.11373678 | D58: =IFERROR(__xludf.DUMMYFUNCTION("""COMPUTED_VALUE"""),0.172560084) -> 0.17256008 | E58: =IFERROR(__xludf.DUMMYFUNCTION("""COMPUTED_VALUE"""),0.442309741) -> 0.44230974 | F58: =IFERROR(__xludf.DUMMYFUNCTION("""COMPUTED_VALUE"""),2.919121087) -> 2.9191211 | G58: =IFERROR(__xludf.DUMMYFUNCTION("""COMPUTED_VALUE"""),16.791410572) -> 16.791411 | H58: =IFERROR(__xludf.DUMMYFUNCTION("""COMPUTED_VALUE"""),599999.0) -> 599999 | I58: =IFERROR(__xludf.DUMMYFUNCTION("""COMPUTED_VALUE"""),1000.00010228184) -> 1000.0001 | J58: =IFERROR(__xludf.DUMMYFUNCTION("""COMPUTED_VALUE"""),999.779128116276) -> 999.77913 | K58: =IFERROR(__xludf.DUMMYFUNCTION("""COMPUTED_VALUE"""),0.999966666611111) -> 0.99996667 | L58: =IFERROR(__xludf.DUMMYFUNCTION("""COMPUTED_VALUE"""),2.2199223E7) -> 22199223 | M58: =IFERROR(__xludf.DUMMYFUNCTION("""COMPUTED_VALUE"""),0.0835421911) -> 0.083542191 | N58: =IFERROR(__xludf.DUMMYFUNCTION("""COMPUTED_VALUE"""),472.383469158472) -> 472.38347 | O58: =IFERROR(__xludf.DUMMYFUNCTION("""COMPUTED_VALUE"""),154.385442331919) -> 154.38544
A59: =IFERROR(__xludf.DUMMYFUNCTION("""COMPUTED_VALUE"""),55.0) -> 55 | B59: =IFERROR(__xludf.DUMMYFUNCTION("""COMPUTED_VALUE"""),0.115050391) -> 0.11505039 | C59: =IFERROR(__xludf.DUMMYFUNCTION("""COMPUTED_VALUE"""),0.110594718) -> 0.11059472 | D59: =IFERROR(__xludf.DUMMYFUNCTION("""COMPUTED_VALUE"""),0.127249359) -> 0.12724936 | E59: =IFERROR(__xludf.DUMMYFUNCTION("""COMPUTED_VALUE"""),0.139255123) -> 0.13925512 | F59: =IFERROR(__xludf.DUMMYFUNCTION("""COMPUTED_VALUE"""),0.175999426) -> 0.17599943 | G59: =IFERROR(__xludf.DUMMYFUNCTION("""COMPUTED_VALUE"""),0.446330499) -> 0.4463305 | H59: =IFERROR(__xludf.DUMMYFUNCTION("""COMPUTED_VALUE"""),600000.0) -> 600000 | I59: =IFERROR(__xludf.DUMMYFUNCTION("""COMPUTED_VALUE"""),1000.0012257965) -> 1000.0012 | J59: =IFERROR(__xludf.DUMMYFUNCTION("""COMPUTED_VALUE"""),999.821861062468) -> 999.82186 | K59: =IFERROR(__xludf.DUMMYFUNCTION("""COMPUTED_VALUE"""),1.0) -> 1 | L59: =IFERROR(__xludf.DUMMYFUNCTION("""COMPUTED_VALUE"""),2.22E7) -> 22200000 | M59: =IFERROR(__xludf.DUMMYFUNCTION("""COMPUTED_VALUE"""),0.08327974113) -> 0.083279741 | N59: =IFERROR(__xludf.DUMMYFUNCTION("""COMPUTED_VALUE"""),295.757742917578) -> 295.75774 | O59: =IFERROR(__xludf.DUMMYFUNCTION("""COMPUTED_VALUE"""),82.6764799551989) -> 82.67648
A60: =IFERROR(__xludf.DUMMYFUNCTION("""COMPUTED_VALUE"""),59.0) -> 59 | B60: =IFERROR(__xludf.DUMMYFUNCTION("""COMPUTED_VALUE"""),0.113053234) -> 0.11305323 | C60: =IFERROR(__xludf.DUMMYFUNCTION("""COMPUTED_VALUE"""),0.110344748) -> 0.11034475 | D60: =IFERROR(__xludf.DUMMYFUNCTION("""COMPUTED_VALUE"""),0.119103006) -> 0.11910301 | E60: =IFERROR(__xludf.DUMMYFUNCTION("""COMPUTED_VALUE"""),0.124577913) -> 0.12457791 | F60: =IFERROR(__xludf.DUMMYFUNCTION("""COMPUTED_VALUE"""),0.149292412) -> 0.14929241 | G60: =IFERROR(__xludf.DUMMYFUNCTION("""COMPUTED_VALUE"""),1.410309328) -> 1.4103093 | H60: =IFERROR(__xludf.DUMMYFUNCTION("""COMPUTED_VALUE"""),600000.0) -> 600000 | I60: =IFERROR(__xludf.DUMMYFUNCTION("""COMPUTED_VALUE"""),1000.00169889788) -> 1000.0017 | J60: =IFERROR(__xludf.DUMMYFUNCTION("""COMPUTED_VALUE"""),999.823253246603) -> 999.82325 | K60: =IFERROR(__xludf.DUMMYFUNCTION("""COMPUTED_VALUE"""),1.0) -> 1 | L60: =IFERROR(__xludf.DUMMYFUNCTION("""COMPUTED_VALUE"""),2.22E7) -> 22200000 | M60: =IFERROR(__xludf.DUMMYFUNCTION("""COMPUTED_VALUE"""),0.08263816688) -> 0.082638167 | N60: =IFERROR(__xludf.DUMMYFUNCTION("""COMPUTED_VALUE"""),605.378294595897) -> 605.37829 | O60: =IFERROR(__xludf.DUMMYFUNCTION("""COMPUTED_VALUE"""),284.8255176273) -> 284.82552
A61: =IFERROR(__xludf.DUMMYFUNCTION("""COMPUTED_VALUE"""),61.0) -> 61 | B61: =IFERROR(__xludf.DUMMYFUNCTION("""COMPUTED_VALUE"""),0.129672695) -> 0.1296727 | C61: =IFERROR(__xludf.DUMMYFUNCTION("""COMPUTED_VALUE"""),0.110065588) -> 0.11006559 | D61: =IFERROR(__xludf.DUMMYFUNCTION("""COMPUTED_VALUE"""),0.121735441) -> 0.12173544 | E61: =IFERROR(__xludf.DUMMYFUNCTION("""COMPUTED_VALUE"""),0.133812535) -> 0.13381254 | F61: =IFERROR(__xludf.DUMMYFUNCTION("""COMPUTED_VALUE"""),0.482835689) -> 0.48283569 | G61: =IFERROR(__xludf.DUMMYFUNCTION("""COMPUTED_VALUE"""),7.392313035) -> 7.392313 | H61: =IFERROR(__xludf.DUMMYFUNCTION("""COMPUTED_VALUE"""),600000.0) -> 600000 | I61: =IFERROR(__xludf.DUMMYFUNCTION("""COMPUTED_VALUE"""),1000.00136410019) -> 1000.0014 | J61: =IFERROR(__xludf.DUMMYFUNCTION("""COMPUTED_VALUE"""),999.819145345989) -> 999.81915 | K61: =IFERROR(__xludf.DUMMYFUNCTION("""COMPUTED_VALUE"""),1.0) -> 1 | L61: =IFERROR(__xludf.DUMMYFUNCTION("""COMPUTED_VALUE"""),2.22E7) -> 22200000 | M61: =IFERROR(__xludf.DUMMYFUNCTION("""COMPUTED_VALUE"""),0.0823962052) -> 0.082396205 | N61: =IFERROR(__xludf.DUMMYFUNCTION("""COMPUTED_VALUE"""),598.674580803895) -> 598.67458 | O61: =IFERROR(__xludf.DUMMYFUNCTION("""COMPUTED_VALUE"""),267.109666705131) -> 267.10967
A62: =IFERROR(__xludf.DUMMYFUNCTION("""COMPUTED_VALUE"""),65.0) -> 65 | B62: =IFERROR(__xludf.DUMMYFUNCTION("""COMPUTED_VALUE"""),0.111887205) -> 0.11188721 | C62: =IFERROR(__xludf.DUMMYFUNCTION("""COMPUTED_VALUE"""),0.109712751) -> 0.10971275 | D62: =IFERROR(__xludf.DUMMYFUNCTION("""COMPUTED_VALUE"""),0.117950311) -> 0.11795031 | E62: =IFERROR(__xludf.DUMMYFUNCTION("""COMPUTED_VALUE"""),0.123602219) -> 0.12360222 | F62: =IFERROR(__xludf.DUMMYFUNCTION("""COMPUTED_VALUE"""),0.143790765) -> 0.14379076 | G62: =IFERROR(__xludf.DUMMYFUNCTION("""COMPUTED_VALUE"""),0.360656286) -> 0.36065629 | H62: =IFERROR(__xludf.DUMMYFUNCTION("""COMPUTED_VALUE"""),600000.0) -> 600000 | I62: =IFERROR(__xludf.DUMMYFUNCTION("""COMPUTED_VALUE"""),1000.00187117016) -> 1000.0019 | J62: =IFERROR(__xludf.DUMMYFUNCTION("""COMPUTED_VALUE"""),999.821824024002) -> 999.82182 | K62: =IFERROR(__xludf.DUMMYFUNCTION("""COMPUTED_VALUE"""),1.0) -> 1 | L62: =IFERROR(__xludf.DUMMYFUNCTION("""COMPUTED_VALUE"""),2.22E7) -> 22200000 | M62: =IFERROR(__xludf.DUMMYFUNCTION("""COMPUTED_VALUE"""),0.0829601439) -> 0.082960144 | N62: =IFERROR(__xludf.DUMMYFUNCTION("""COMPUTED_VALUE"""),687.907860438028) -> 687.90786 | O62: =IFERROR(__xludf.DUMMYFUNCTION("""COMPUTED_VALUE"""),292.793940017783) -> 292.79394
A63: =IFERROR(__xludf.DUMMYFUNCTION("""COMPUTED_VALUE"""),67.0) -> 67 | B63: =IFERROR(__xludf.DUMMYFUNCTION("""COMPUTED_VALUE"""),0.112102115) -> 0.11210212 | C63: =IFERROR(__xludf.DUMMYFUNCTION("""COMPUTED_VALUE"""),0.110063591) -> 0.11006359 | D63: =IFERROR(__xludf.DUMMYFUNCTION("""COMPUTED_VALUE"""),0.118667212) -> 0.11866721 | E63: =IFERROR(__xludf.DUMMYFUNCTION("""COMPUTED_VALUE"""),0.124386973) -> 0.12438697 | F63: =IFERROR(__xludf.DUMMYFUNCTION("""COMPUTED_VALUE"""),0.140735957) -> 0.14073596 | G63: =IFERROR(__xludf.DUMMYFUNCTION("""COMPUTED_VALUE"""),0.365695883) -> 0.36569588 | H63: =IFERROR(__xludf.DUMMYFUNCTION("""COMPUTED_VALUE"""),600000.0) -> 600000 | I63: =IFERROR(__xludf.DUMMYFUNCTION("""COMPUTED_VALUE"""),1000.00169340286) -> 1000.0017 | J63: =IFERROR(__xludf.DUMMYFUNCTION("""COMPUTED_VALUE"""),999.820721939719) -> 999.82072 | K63: =IFERROR(__xludf.DUMMYFUNCTION("""COMPUTED_VALUE"""),1.0) -> 1 | L63: =IFERROR(__xludf.DUMMYFUNCTION("""COMPUTED_VALUE"""),2.22E7) -> 22200000 | M63: =IFERROR(__xludf.DUMMYFUNCTION("""COMPUTED_VALUE"""),0.08324494006) -> 0.08324494 | N63: =IFERROR(__xludf.DUMMYFUNCTION("""COMPUTED_VALUE"""),312.391680461961) -> 312.39168 | O63: =IFERROR(__xludf.DUMMYFUNCTION("""COMPUTED_VALUE"""),82.003306993472) -> 82.003307
A64: =IFERROR(__xludf.DUMMYFUNCTION("""COMPUTED_VALUE"""),71.0) -> 71 | B64: =IFERROR(__xludf.DUMMYFUNCTION("""COMPUTED_VALUE"""),0.118318801) -> 0.1183188 | C64: =IFERROR(__xludf.DUMMYFUNCTION("""COMPUTED_VALUE"""),0.110722623) -> 0.11072262 | D64: =IFERROR(__xludf.DUMMYFUNCTION("""COMPUTED_VALUE"""),0.127040805) -> 0.12704081 | E64: =IFERROR(__xludf.DUMMYFUNCTION("""COMPUTED_VALUE"""),0.148440497) -> 0.1484405 | F64: =IFERROR(__xludf.DUMMYFUNCTION("""COMPUTED_VALUE"""),0.264229542) -> 0.26422954 | G64: =IFERROR(__xludf.DUMMYFUNCTION("""COMPUTED_VALUE"""),1.858920113) -> 1.8589201 | H64: =IFERROR(__xludf.DUMMYFUNCTION("""COMPUTED_VALUE"""),600000.0) -> 600000 | I64: =IFERROR(__xludf.DUMMYFUNCTION("""COMPUTED_VALUE"""),1000.00173012632) -> 1000.0017 | J64: =IFERROR(__xludf.DUMMYFUNCTION("""COMPUTED_VALUE"""),999.808433473099) -> 999.80843 | K64: =IFERROR(__xludf.DUMMYFUNCTION("""COMPUTED_VALUE"""),1.0) -> 1 | L64: =IFERROR(__xludf.DUMMYFUNCTION("""COMPUTED_VALUE"""),2.22E7) -> 22200000 | M64: =IFERROR(__xludf.DUMMYFUNCTION("""COMPUTED_VALUE"""),0.0828983912) -> 0.082898391 | N64: =IFERROR(__xludf.DUMMYFUNCTION("""COMPUTED_VALUE"""),403.663321206508) -> 403.66332 | O64: =IFERROR(__xludf.DUMMYFUNCTION("""COMPUTED_VALUE"""),155.645695932341) -> 155.6457
A65: =IFERROR(__xludf.DUMMYFUNCTION("""COMPUTED_VALUE"""),73.0) -> 73 | B65: =IFERROR(__xludf.DUMMYFUNCTION("""COMPUTED_VALUE"""),0.12783376) -> 0.12783376 | C65: =IFERROR(__xludf.DUMMYFUNCTION("""COMPUTED_VALUE"""),0.111535072) -> 0.11153507 | D65: =IFERROR(__xludf.DUMMYFUNCTION("""COMPUTED_VALUE"""),0.132848371) -> 0.13284837 | E65: =IFERROR(__xludf.DUMMYFUNCTION("""COMPUTED_VALUE"""),0.188919175) -> 0.18891917 | F65: =IFERROR(__xludf.DUMMYFUNCTION("""COMPUTED_VALUE"""),0.483198329) -> 0.48319833 | G65: =IFERROR(__xludf.DUMMYFUNCTION("""COMPUTED_VALUE"""),2.751800917) -> 2.7518009 | H65: =IFERROR(__xludf.DUMMYFUNCTION("""COMPUTED_VALUE"""),600000.0) -> 600000 | I65: =IFERROR(__xludf.DUMMYFUNCTION("""COMPUTED_VALUE"""),1000.00048720023) -> 1000.0005 | J65: =IFERROR(__xludf.DUMMYFUNCTION("""COMPUTED_VALUE"""),999.811097872422) -> 999.8111 | K65: =IFERROR(__xludf.DUMMYFUNCTION("""COMPUTED_VALUE"""),1.0) -> 1 | L65: =IFERROR(__xludf.DUMMYFUNCTION("""COMPUTED_VALUE"""),2.22E7) -> 22200000 | M65: =IFERROR(__xludf.DUMMYFUNCTION("""COMPUTED_VALUE"""),0.08286504618) -> 0.082865046 | N65: =IFERROR(__xludf.DUMMYFUNCTION("""COMPUTED_VALUE"""),350.821492336957) -> 350.82149 | O65: =IFERROR(__xludf.DUMMYFUNCTION("""COMPUTED_VALUE"""),114.036822842206) -> 114.03682
A66: =IFERROR(__xludf.DUMMYFUNCTION("""COMPUTED_VALUE"""),75.0) -> 75 | B66: =IFERROR(__xludf.DUMMYFUNCTION("""COMPUTED_VALUE"""),0.115854406) -> 0.11585441 | C66: =IFERROR(__xludf.DUMMYFUNCTION("""COMPUTED_VALUE"""),0.112251364) -> 0.11225136 | D66: =IFERROR(__xludf.DUMMYFUNCTION("""COMPUTED_VALUE"""),0.125780264) -> 0.12578026 | E66: =IFERROR(__xludf.DUMMYFUNCTION("""COMPUTED_VALUE"""),0.134948474) -> 0.13494847 | F66: =IFERROR(__xludf.DUMMYFUNCTION("""COMPUTED_VALUE"""),0.170629205) -> 0.17062921 | G66: =IFERROR(__xludf.DUMMYFUNCTION("""COMPUTED_VALUE"""),0.875922116) -> 0.87592212 | H66: =IFERROR(__xludf.DUMMYFUNCTION("""COMPUTED_VALUE"""),600000.0) -> 600000 | I66: =IFERROR(__xludf.DUMMYFUNCTION("""COMPUTED_VALUE"""),1000.00096639593) -> 1000.001 | J66: =IFERROR(__xludf.DUMMYFUNCTION("""COMPUTED_VALUE"""),999.804085196798) -> 999.80409 | K66: =IFERROR(__xludf.DUMMYFUNCTION("""COMPUTED_VALUE"""),1.0) -> 1 | L66: =IFERROR(__xludf.DUMMYFUNCTION("""COMPUTED_VALUE"""),2.22E7) -> 22200000 | M66: =IFERROR(__xludf.DUMMYFUNCTION("""COMPUTED_VALUE"""),0.08279154929) -> 0.082791549 | N66: =IFERROR(__xludf.DUMMYFUNCTION("""COMPUTED_VALUE"""),569.018017358046) -> 569.01802 | O66: =IFERROR(__xludf.DUMMYFUNCTION("""COMPUTED_VALUE"""),267.586195891124) -> 267.5862
A67: =IFERROR(__xludf.DUMMYFUNCTION("""COMPUTED_VALUE"""),79.0) -> 79 | B67: =IFERROR(__xludf.DUMMYFUNCTION("""COMPUTED_VALUE"""),0.120842804) -> 0.1208428 | C67: =IFERROR(__xludf.DUMMYFUNCTION("""COMPUTED_VALUE"""),0.113967319) -> 0.11396732 | D67: =IFERROR(__xludf.DUMMYFUNCTION("""COMPUTED_VALUE"""),0.136964029) -> 0.13696403 | E67: =IFERROR(__xludf.DUMMYFUNCTION("""COMPUTED_VALUE"""),0.151587484) -> 0.15158748 | F67: =IFERROR(__xludf.DUMMYFUNCTION("""COMPUTED_VALUE"""),0.237787676) -> 0.23778768 | G67: =IFERROR(__xludf.DUMMYFUNCTION("""COMPUTED_VALUE"""),1.181658263) -> 1.1816583 | H67: =IFERROR(__xludf.DUMMYFUNCTION("""COMPUTED_VALUE"""),599999.0) -> 599999 | I67: =IFERROR(__xludf.DUMMYFUNCTION("""COMPUTED_VALUE"""),1000.00010359518) -> 1000.0001 | J67: =IFERROR(__xludf.DUMMYFUNCTION("""COMPUTED_VALUE"""),999.812271958829) -> 999.81227 | K67: =IFERROR(__xludf.DUMMYFUNCTION("""COMPUTED_VALUE"""),1.0) -> 1 | L67: =IFERROR(__xludf.DUMMYFUNCTION("""COMPUTED_VALUE"""),2.2199963E7) -> 22199963 | M67: =IFERROR(__xludf.DUMMYFUNCTION("""COMPUTED_VALUE"""),0.082757502) -> 0.082757502 | N67: =IFERROR(__xludf.DUMMYFUNCTION("""COMPUTED_VALUE"""),436.255818493944) -> 436.25582 | O67: =IFERROR(__xludf.DUMMYFUNCTION("""COMPUTED_VALUE"""),187.313357889217) -> 187.31336
A68: =IFERROR(__xludf.DUMMYFUNCTION("""COMPUTED_VALUE"""),81.0) -> 81 | B68: =IFERROR(__xludf.DUMMYFUNCTION("""COMPUTED_VALUE"""),0.116611925) -> 0.11661193 | C68: =IFERROR(__xludf.DUMMYFUNCTION("""COMPUTED_VALUE"""),0.110994264) -> 0.11099426 | D68: =IFERROR(__xludf.DUMMYFUNCTION("""COMPUTED_VALUE"""),0.125209289) -> 0.12520929 | E68: =IFERROR(__xludf.DUMMYFUNCTION("""COMPUTED_VALUE"""),0.137349325) -> 0.13734932 | F68: =IFERROR(__xludf.DUMMYFUNCTION("""COMPUTED_VALUE"""),0.230760981) -> 0.23076098 | G68: =IFERROR(__xludf.DUMMYFUNCTION("""COMPUTED_VALUE"""),0.904960004) -> 0.90496 | H68: =IFERROR(__xludf.DUMMYFUNCTION("""COMPUTED_VALUE"""),600000.0) -> 600000 | I68: =IFERROR(__xludf.DUMMYFUNCTION("""COMPUTED_VALUE"""),1000.00126755494) -> 1000.0013 | J68: =IFERROR(__xludf.DUMMYFUNCTION("""COMPUTED_VALUE"""),999.813281610268) -> 999.81328 | K68: =IFERROR(__xludf.DUMMYFUNCTION("""COMPUTED_VALUE"""),1.0) -> 1 | L68: =IFERROR(__xludf.DUMMYFUNCTION("""COMPUTED_VALUE"""),2.22E7) -> 22200000 | M68: =IFERROR(__xludf.DUMMYFUNCTION("""COMPUTED_VALUE"""),0.08380454686) -> 0.083804547 | N68: =IFERROR(__xludf.DUMMYFUNCTION("""COMPUTED_VALUE"""),307.015375942654) -> 307.01538 | O68: =IFERROR(__xludf.DUMMYFUNCTION("""COMPUTED_VALUE"""),83.7155945967528) -> 83.715595
A69: =IFERROR(__xludf.DUMMYFUNCTION("""COMPUTED_VALUE"""),91.0) -> 91 | B69: =IFERROR(__xludf.DUMMYFUNCTION("""COMPUTED_VALUE"""),0.142633962) -> 0.14263396 | C69: =IFERROR(__xludf.DUMMYFUNCTION("""COMPUTED_VALUE"""),0.11152182) -> 0.11152182 | D69: =IFERROR(__xludf.DUMMYFUNCTION("""COMPUTED_VALUE"""),0.166047067) -> 0.16604707 | E69: =IFERROR(__xludf.DUMMYFUNCTION("""COMPUTED_VALUE"""),0.269021966) -> 0.26902197 | F69: =IFERROR(__xludf.DUMMYFUNCTION("""COMPUTED_VALUE"""),0.737071339) -> 0.73707134 | G69: =IFERROR(__xludf.DUMMYFUNCTION("""COMPUTED_VALUE"""),4.5553052) -> 4.5553052 | H69: =IFERROR(__xludf.DUMMYFUNCTION("""COMPUTED_VALUE"""),600000.0) -> 600000 | I69: =IFERROR(__xludf.DUMMYFUNCTION("""COMPUTED_VALUE"""),1000.00038010014) -> 1000.0004 | J69: =IFERROR(__xludf.DUMMYFUNCTION("""COMPUTED_VALUE"""),999.200271444317) -> 999.20027 | K69: =IFERROR(__xludf.DUMMYFUNCTION("""COMPUTED_VALUE"""),1.0) -> 1 | L69: =IFERROR(__xludf.DUMMYFUNCTION("""COMPUTED_VALUE"""),2.22E7) -> 22200000 | M69: =IFERROR(__xludf.DUMMYFUNCTION("""COMPUTED_VALUE"""),0.0807076317972972) -> 0.080707632 | N69: =IFERROR(__xludf.DUMMYFUNCTION("""COMPUTED_VALUE"""),442.086354424448) -> 442.08635 | O69: =IFERROR(__xludf.DUMMYFUNCTION("""COMPUTED_VALUE"""),173.900417691185) -> 173.90042
A70: =IFERROR(__xludf.DUMMYFUNCTION("""COMPUTED_VALUE"""),93.0) -> 93 | B70: =IFERROR(__xludf.DUMMYFUNCTION("""COMPUTED_VALUE"""),0.171599756) -> 0.17159976 | C70: =IFERROR(__xludf.DUMMYFUNCTION("""COMPUTED_VALUE"""),0.110377447) -> 0.11037745 | D70: =IFERROR(__xludf.DUMMYFUNCTION("""COMPUTED_VALUE"""),0.192892508) -> 0.19289251 | E70: =IFERROR(__xludf.DUMMYFUNCTION("""COMPUTED_VALUE"""),0.36099887) -> 0.36099887 | F70: =IFERROR(__xludf.DUMMYFUNCTION("""COMPUTED_VALUE"""),1.46827418) -> 1.4682742 | G70: =IFERROR(__xludf.DUMMYFUNCTION("""COMPUTED_VALUE"""),12.217819294) -> 12.217819 | H70: =IFERROR(__xludf.DUMMYFUNCTION("""COMPUTED_VALUE"""),600000.0) -> 600000 | I70: =IFERROR(__xludf.DUMMYFUNCTION("""COMPUTED_VALUE"""),1000.00141879701) -> 1000.0014 | J70: =IFERROR(__xludf.DUMMYFUNCTION("""COMPUTED_VALUE"""),999.815278026398) -> 999.81528 | K70: =IFERROR(__xludf.DUMMYFUNCTION("""COMPUTED_VALUE"""),0.999995) -> 0.999995 | L70: =IFERROR(__xludf.DUMMYFUNCTION("""COMPUTED_VALUE"""),2.2199889E7) -> 22199889 | M70: =IFERROR(__xludf.DUMMYFUNCTION("""COMPUTED_VALUE"""),0.0808545964804804) -> 0.080854596 | N70: =IFERROR(__xludf.DUMMYFUNCTION("""COMPUTED_VALUE"""),552.187547939403) -> 552.18755 | O70: =IFERROR(__xludf.DUMMYFUNCTION("""COMPUTED_VALUE"""),175.741196342136) -> 175.7412
A71: =IFERROR(__xludf.DUMMYFUNCTION("""COMPUTED_VALUE"""),97.0) -> 97 | B71: =IFERROR(__xludf.DUMMYFUNCTION("""COMPUTED_VALUE"""),0.131115496) -> 0.1311155 | C71: =IFERROR(__xludf.DUMMYFUNCTION("""COMPUTED_VALUE"""),0.111335586) -> 0.11133559 | D71: =IFERROR(__xludf.DUMMYFUNCTION("""COMPUTED_VALUE"""),0.1351894) -> 0.1351894 | E71: =IFERROR(__xludf.DUMMYFUNCTION("""COMPUTED_VALUE"""),0.163838111) -> 0.16383811 | F71: =IFERROR(__xludf.DUMMYFUNCTION("""COMPUTED_VALUE"""),0.638924591) -> 0.63892459 | G71: =IFERROR(__xludf.DUMMYFUNCTION("""COMPUTED_VALUE"""),8.149824006) -> 8.149824 | H71: =IFERROR(__xludf.DUMMYFUNCTION("""COMPUTED_VALUE"""),600000.0) -> 600000 | I71: =IFERROR(__xludf.DUMMYFUNCTION("""COMPUTED_VALUE"""),1000.00052627527) -> 1000.0005 | J71: =IFERROR(__xludf.DUMMYFUNCTION("""COMPUTED_VALUE"""),999.734719938851) -> 999.73472 | K71: =IFERROR(__xludf.DUMMYFUNCTION("""COMPUTED_VALUE"""),1.0) -> 1 | L71: =IFERROR(__xludf.DUMMYFUNCTION("""COMPUTED_VALUE"""),2.22E7) -> 22200000 | M71: =IFERROR(__xludf.DUMMYFUNCTION("""COMPUTED_VALUE"""),0.0827719868603603) -> 0.082771987 | N71: =IFERROR(__xludf.DUMMYFUNCTION("""COMPUTED_VALUE"""),348.925917237617) -> 348.92592 | O71: =IFERROR(__xludf.DUMMYFUNCTION("""COMPUTED_VALUE"""),128.913282394409) -> 128.91328
A72: =IFERROR(__xludf.DUMMYFUNCTION("""COMPUTED_VALUE"""),99.0) -> 99 | B72: =IFERROR(__xludf.DUMMYFUNCTION("""COMPUTED_VALUE"""),0.12811629) -> 0.12811629 | C72: =IFERROR(__xludf.DUMMYFUNCTION("""COMPUTED_VALUE"""),0.112003254) -> 0.11200325 | D72: =IFERROR(__xludf.DUMMYFUNCTION("""COMPUTED_VALUE"""),0.132828714) -> 0.13282871 | E72: =IFERROR(__xludf.DUMMYFUNCTION("""COMPUTED_VALUE"""),0.165450612) -> 0.16545061 | F72: =IFERROR(__xludf.DUMMYFUNCTION("""COMPUTED_VALUE"""),0.506228381) -> 0.50622838 | G72: =IFERROR(__xludf.DUMMYFUNCTION("""COMPUTED_VALUE"""),4.057285141) -> 4.0572851 | H72: =IFERROR(__xludf.DUMMYFUNCTION("""COMPUTED_VALUE"""),600000.0) -> 600000 | I72: =IFERROR(__xludf.DUMMYFUNCTION("""COMPUTED_VALUE"""),1000.00121409314) -> 1000.0012 | J72: =IFERROR(__xludf.DUMMYFUNCTION("""COMPUTED_VALUE"""),999.81616220255) -> 999.81616 | K72: =IFERROR(__xludf.DUMMYFUNCTION("""COMPUTED_VALUE"""),1.0) -> 1 | L72: =IFERROR(__xludf.DUMMYFUNCTION("""COMPUTED_VALUE"""),2.22E7) -> 22200000 | M72: =IFERROR(__xludf.DUMMYFUNCTION("""COMPUTED_VALUE"""),0.0800843392417417) -> 0.080084339 | N72: =IFERROR(__xludf.DUMMYFUNCTION("""COMPUTED_VALUE"""),459.00627568984) -> 459.00628 | O72: =IFERROR(__xludf.DUMMYFUNCTION("""COMPUTED_VALUE"""),176.953778971796) -> 176.95378

Sheet Estatisticas
A1: EndPoint | B1: Métrica | C1: lat_mean_s | D1: lat_p50_s | E1: lat_p90_s | F1: lat_p95_s | G1: lat_p99_s | H1: cpu_mean | I1: mem_used_mb | J1: heap_used_mb
A2: Virtual | B2: Média | C2: =AVERAGE(Virtual[lat_mean_s]) -> 5.091445 | D2: =AVERAGE(Virtual[lat_p50_s]) -> 3.2258602 | E2: =AVERAGE(Virtual[lat_p90_s]) -> 12.005106 | F2: =AVERAGE(Virtual[lat_p95_s]) -> 15.16932 | G2: =AVERAGE(Virtual[lat_p99_s]) -> 21.650839 | H2: =AVERAGE(Virtual[cpu_mean]) -> 0.037065194 | I2: =AVERAGE(Virtual[mem_used_mb]) -> 480.08652 | J2: =AVERAGE(Virtual[heap_used_mb]) -> 204.88666
A3: Virtual | B3: Mediana | C3: =MEDIAN(Virtual[lat_mean_s]) -> 0.14033632 | D3: =MEDIAN(Virtual[lat_p50_s]) -> 0.10960895 | E3: =MEDIAN(Virtual[lat_p90_s]) -> 0.13325601 | F3: =MEDIAN(Virtual[lat_p95_s]) -> 0.18969579 | G3: =MEDIAN(Virtual[lat_p99_s]) -> 0.97179523 | H3: =MEDIAN(Virtual[cpu_mean]) -> 0.037119736 | I3: =MEDIAN(Virtual[mem_used_mb]) -> 434.16297 | J3: =MEDIAN(Virtual[heap_used_mb]) -> 146.03185
A4: Virtual | B4: Mínimo | C4: =MIN(Virtual[lat_mean_s]) -> 0.10993462 | D4: =MIN(Virtual[lat_p50_s]) -> 0.10806153 | E4: =MIN(Virtual[lat_p90_s]) -> 0.11595029 | F4: =MIN(Virtual[lat_p95_s]) -> 0.12106323 | G4: =MIN(Virtual[lat_p99_s]) -> 0.13652753 | H4: =MIN(Virtual[cpu_mean]) -> 0.028518229 | I4: =MIN(Virtual[mem_used_mb]) -> 230.33474 | J4: =MIN(Virtual[heap_used_mb]) -> 49.246893
A5: Virtual | B5: Máximo | C5: =MAX(Virtual[lat_mean_s]) -> 84.107555 | D5: =MAX(Virtual[lat_p50_s]) -> 78.254849 | E5: =MAX(Virtual[lat_p90_s]) -> 136.83516 | F5: =MAX(Virtual[lat_p95_s]) -> 171.26569 | G5: =MAX(Virtual[lat_p99_s]) -> 210.58461 | H5: =MAX(Virtual[cpu_mean]) -> 0.03968898 | I5: =MAX(Virtual[mem_used_mb]) -> 1294.2832 | J5: =MAX(Virtual[heap_used_mb]) -> 643.86007
A6: Virtual | B6: Desvio Padrão | C6: =STDEV(Virtual[lat_mean_s]) -> 15.167651 | D6: =STDEV(Virtual[lat_p50_s]) -> 12.779597 | E6: =STDEV(Virtual[lat_p90_s]) -> 32.204563 | F6: =STDEV(Virtual[lat_p95_s]) -> 39.541258 | G6: =STDEV(Virtual[lat_p99_s]) -> 49.255501 | H6: =STDEV(Virtual[cpu_mean]) -> 0.001746402 | I6: =STDEV(Virtual[mem_used_mb]) -> 233.503 | J6: =STDEV(Virtual[heap_used_mb]) -> 158.82503
A7: Tradicional | B7: Média | C7: =AVERAGE(Tradicional[lat_mean_s]) -> 3.1872462 | D7: =AVERAGE(Tradicional[lat_p50_s]) -> 2.2949164 | E7: =AVERAGE(Tradicional[lat_p90_s]) -> 7.0617331 | F7: =AVERAGE(Tradicional[lat_p95_s]) -> 8.9967241 | G7: =AVERAGE(Tradicional[lat_p99_s]) -> 13.660448 | H7: =AVERAGE(Tradicional[cpu_mean]) -> 0.081096245 | I7: =AVERAGE(Tradicional[mem_used_mb]) -> 511.07709 | J7: =AVERAGE(Tradicional[heap_used_mb]) -> 204.62502
A8: Tradicional | B8: Mediana | C8: =MEDIAN(Tradicional[lat_mean_s]) -> 0.1381624 | D8: =MEDIAN(Tradicional[lat_p50_s]) -> 0.11152845 | E8: =MEDIAN(Tradicional[lat_p90_s]) -> 0.14805636 | F8: =MEDIAN(Tradicional[lat_p95_s]) -> 0.23363267 | G8: =MEDIAN(Tradicional[lat_p99_s]) -> 0.68799796 | H8: =MEDIAN(Tradicional[cpu_mean]) -> 0.082764744 | I8: =MEDIAN(Tradicional[mem_used_mb]) -> 481.72183 | J8: =MEDIAN(Tradicional[heap_used_mb]) -> 177.6894
A9: Tradicional | B9: Mínimo | C9: =MIN(Tradicional[lat_mean_s]) -> 0.11142731 | D9: =MIN(Tradicional[lat_p50_s]) -> 0.10967107 | E9: =MIN(Tradicional[lat_p90_s]) -> 0.11692271 | F9: =MIN(Tradicional[lat_p95_s]) -> 0.12130309 | G9: =MIN(Tradicional[lat_p99_s]) -> 0.13671101 | H9: =MIN(Tradicional[cpu_mean]) -> 0.038776311 | I9: =MIN(Tradicional[mem_used_mb]) -> 231.04093 | J9: =MIN(Tradicional[heap_used_mb]) -> 43.246786
A10: Tradicional | B10: Máximo | C10: =MAX(Tradicional[lat_mean_s]) -> 73.612179 | D10: =MAX(Tradicional[lat_p50_s]) -> 68.795308 | E10: =MAX(Tradicional[lat_p90_s]) -> 133.15461 | F10: =MAX(Tradicional[lat_p95_s]) -> 166.88378 | G10: =MAX(Tradicional[lat_p99_s]) -> 216.19803 | H10: =MAX(Tradicional[cpu_mean]) -> 0.089934078 | I10: =MAX(Tradicional[mem_used_mb]) -> 1057.8185 | J10: =MAX(Tradicional[heap_used_mb]) -> 498.71067
A11: Tradicional | B11: Desvio Padrão | C11: =STDEV(Tradicional[lat_mean_s]) -> 12.277298 | D11: =STDEV(Tradicional[lat_p50_s]) -> 11.161704 | E11: =STDEV(Tradicional[lat_p90_s]) -> 25.07007 | F11: =STDEV(Tradicional[lat_p95_s]) -> 30.653035 | G11: =STDEV(Tradicional[lat_p99_s]) -> 39.243176 | H11: =STDEV(Tradicional[cpu_mean]) -> 0.0074324815 | I11: =STDEV(Tradicional[mem_used_mb]) -> 211.02973 | J11: =STDEV(Tradicional[heap_used_mb]) -> 119.14183
A14: EndPoint | B14: Métrica | C14: lat_mean_s | D14: lat_p50_s | E14: lat_p90_s | F14: lat_p95_s | G14: lat_p99_s | H14: cpu_mean | I14: mem_used_mb | J14: heap_used_mb
A15: Virtual | B15: Média | C15: =AVERAGE(Virtual_Sem_Outliers[lat_mean_s_virtual]) -> 0.14383868 | D15: =AVERAGE(Virtual_Sem_Outliers[lat_p50_s]) -> 0.10963018 | E15: =AVERAGE(Virtual_Sem_Outliers[lat_p90_s]) -> 0.13976124 | F15: =AVERAGE(Virtual_Sem_Outliers[lat_p95_s]) -> 0.21891952 | G15: =AVERAGE(Virtual_Sem_Outliers[lat_p99_s]) -> 1.0599626 | H15: =AVERAGE(Virtual_Sem_Outliers[cpu_mean]) -> 0.036991031 | I15: =AVERAGE(Virtual_Sem_Outliers[mem_used_mb]) -> 410.72199 | J15: =AVERAGE(Virtual_Sem_Outliers[heap_used_mb]) -> 142.23554
A16: Virtual | B16: Mediana | C16: =MEDIAN(Virtual_Sem_Outliers[lat_mean_s_virtual]) -> 0.12354646 | D16: =MEDIAN(Virtual_Sem_Outliers[lat_p50_s]) -> 0.10927352 | E16: =MEDIAN(Virtual_Sem_Outliers[lat_p90_s]) -> 0.12519016 | F16: =MEDIAN(Virtual_Sem_Outliers[lat_p95_s]) -> 0.14138553 | G16: =MEDIAN(Virtual_Sem_Outliers[lat_p99_s]) -> 0.4182001 | H16: =MEDIAN(Virtual_Sem_Outliers[cpu_mean]) -> 0.037071811 | I16: =MEDIAN(Virtual_Sem_Outliers[mem_used_mb]) -> 403.45209 | J16: =MEDIAN(Virtual_Sem_Outliers[heap_used_mb]) -> 98.533301
A17: Virtual | B17: Mínimo | C17: =MIN(Virtual_Sem_Outliers[lat_mean_s_virtual]) -> 0.10993462 | D17: =MIN(Virtual_Sem_Outliers[lat_p50_s]) -> 0.10806803 | E17: =MIN(Virtual_Sem_Outliers[lat_p90_s]) -> 0.11595029 | F17: =MIN(Virtual_Sem_Outliers[lat_p95_s]) -> 0.12106323 | G17: =MIN(Virtual_Sem_Outliers[lat_p99_s]) -> 0.13652753 | H17: =MIN(Virtual_Sem_Outliers[cpu_mean]) -> 0.034910614 | I17: =MIN(Virtual_Sem_Outliers[mem_used_mb]) -> 234.69472 | J17: =MIN(Virtual_Sem_Outliers[heap_used_mb]) -> 49.246893
A18: Virtual | B18: Máximo | C18: =MAX(Virtual_Sem_Outliers[lat_mean_s_virtual]) -> 0.34111539 | D18: =MAX(Virtual_Sem_Outliers[lat_p50_s]) -> 0.11261624 | E18: =MAX(Virtual_Sem_Outliers[lat_p90_s]) -> 0.40477925 | F18: =MAX(Virtual_Sem_Outliers[lat_p95_s]) -> 1.2657345 | G18: =MAX(Virtual_Sem_Outliers[lat_p99_s]) -> 6.0432627 | H18: =MAX(Virtual_Sem_Outliers[cpu_mean]) -> 0.039023056 | I18: =MAX(Virtual_Sem_Outliers[mem_used_mb]) -> 733.64169 | J18: =MAX(Virtual_Sem_Outliers[heap_used_mb]) -> 351.82679
A19: Virtual | B19: Desvio Padrão | C19: =STDEV(Virtual_Sem_Outliers[lat_mean_s_virtual]) -> 0.050474549 | D19: =STDEV(Virtual_Sem_Outliers[lat_p50_s]) -> 0.0011507329 | E19: =STDEV(Virtual_Sem_Outliers[lat_p90_s]) -> 0.048759264 | F19: =STDEV(Virtual_Sem_Outliers[lat_p95_s]) -> 0.20752084 | G19: =STDEV(Virtual_Sem_Outliers[lat_p99_s]) -> 1.4412968 | H19: =STDEV(Virtual_Sem_Outliers[cpu_mean]) -> 0.0010956161 | I19: =STDEV(Virtual_Sem_Outliers[mem_used_mb]) -> 149.32596 | J19: =STDEV(Virtual_Sem_Outliers[heap_used_mb]) -> 86.772686
A20: Tradicional | B20: Média | C20: =AVERAGE(Tradicional_Sem_Outliers[lat_mean_s_tradicional]) -> 0.17620232 | D20: =AVERAGE(Tradicional_Sem_Outliers[lat_p50_s]) -> 0.11187527 | E20: =AVERAGE(Tradicional_Sem_Outliers[lat_p90_s]) -> 0.15533185 | F20: =AVERAGE(Tradicional_Sem_Outliers[lat_p95_s]) -> 0.33458613 | G20: =AVERAGE(Tradicional_Sem_Outliers[lat_p99_s]) -> 1.9431863 | H20: =AVERAGE(Tradicional_Sem_Outliers[cpu_mean]) -> 0.082561905 | I20: =AVERAGE(Tradicional_Sem_Outliers[mem_used_mb]) -> 462.22396 | J20: =AVERAGE(Tradicional_Sem_Outliers[heap_used_mb]) -> 179.63109
A21: Tradicional | B21: Mediana | C21: =MEDIAN(Tradicional_Sem_Outliers[lat_mean_s_tradicional]) -> 0.12811629 | D21: =MEDIAN(Tradicional_Sem_Outliers[lat_p50_s]) -> 0.11135349 | E21: =MEDIAN(Tradicional_Sem_Outliers[lat_p90_s]) -> 0.1351894 | F21: =MEDIAN(Tradicional_Sem_Outliers[lat_p95_s]) -> 0.16545061 | G21: =MEDIAN(Tradicional_Sem_Outliers[lat_p99_s]) -> 0.48319833 | H21: =MEDIAN(Tradicional_Sem_Outliers[cpu_mean]) -> 0.082791549 | I21: =MEDIAN(Tradicional_Sem_Outliers[mem_used_mb]) -> 459.00628 | J21: =MEDIAN(Tradicional_Sem_Outliers[heap_used_mb]) -> 175.7412
A22: Tradicional | B22: Mínimo | C22: =MIN(Tradicional_Sem_Outliers[lat_mean_s_tradicional]) -> 0.11188721 | D22: =MIN(Tradicional_Sem_Outliers[lat_p50_s]) -> 0.10967107 | E22: =MIN(Tradicional_Sem_Outliers[lat_p90_s]) -> 0.11795031 | F22: =MIN(Tradicional_Sem_Outliers[lat_p95_s]) -> 0.12360222 | G22: =MIN(Tradicional_Sem_Outliers[lat_p99_s]) -> 0.14073596 | H22: =MIN(Tradicional_Sem_Outliers[cpu_mean]) -> 0.080084339 | I22: =MIN(Tradicional_Sem_Outliers[mem_used_mb]) -> 260.1567 | J22: =MIN(Tradicional_Sem_Outliers[heap_used_mb]) -> 60.228837
A23: Tradicional | B23: Máximo | C23: =MAX(Tradicional_Sem_Outliers[lat_mean_s_tradicional]) -> 0.42278102 | D23: =MAX(Tradicional_Sem_Outliers[lat_p50_s]) -> 0.11862347 | E23: =MAX(Tradicional_Sem_Outliers[lat_p90_s]) -> 0.40880587 | F23: =MAX(Tradicional_Sem_Outliers[lat_p95_s]) -> 1.2362801 | G23: =MAX(Tradicional_Sem_Outliers[lat_p99_s]) -> 10.09544 | H23: =MAX(Tradicional_Sem_Outliers[cpu_mean]) -> 0.083914305 | I23: =MAX(Tradicional_Sem_Outliers[mem_used_mb]) -> 687.90786 | J23: =MAX(Tradicional_Sem_Outliers[heap_used_mb]) -> 311.77878
A24: Tradicional | B24: Desvio Padrão | C24: =STDEV(Tradicional_Sem_Outliers[lat_mean_s_tradicional]) -> 0.087460095 | D24: =STDEV(Tradicional_Sem_Outliers[lat_p50_s]) -> 0.0018949364 | E24: =STDEV(Tradicional_Sem_Outliers[lat_p90_s]) -> 0.053867547 | F24: =STDEV(Tradicional_Sem_Outliers[lat_p95_s]) -> 0.31694223 | G24: =STDEV(Tradicional_Sem_Outliers[lat_p99_s]) -> 2.7972183 | H24: =STDEV(Tradicional_Sem_Outliers[cpu_mean]) -> 0.00095497343 | I24: =STDEV(Tradicional_Sem_Outliers[mem_used_mb]) -> 124.53789 | J24: =STDEV(Tradicional_Sem_Outliers[heap_used_mb]) -> 73.731626

Sheet Comparativo
A1: Métrica | B1: Virtual | C1: Tradicional | D1: Tradicional/Virtual
A2: Latência Média | B2: =Estatisticas!C15 -> 0.14383868 | C2: =Estatisticas!C20 -> 0.17620232 | D2: =C2/B2 -> 1.2249996
A3: CPU | B3: =Estatisticas!H15 -> 0.036991031 | C3: =Estatisticas!H20 -> 0.082561905 | D3: =C3/B3 -> 2.2319439
A4: Memória mb | B4: =Estatisticas!I15 -> 410.72199 | C4: =Estatisticas!I20 -> 462.22396 | D4: =C4/B4 -> 1.1253938
A5: Heap mb | B5: =Estatisticas!J15 -> 142.23554 | C5: =Estatisticas!J20 -> 179.63109 | D5: =C5/B5 -> 1.2629128
A6: Taxa De Sucesso | B6: =Performance!D7 -> 0.99993457 | C6: =Performance!E7 -> 0.99980606 | D6: =C6/B6 -> 0.99987148
A7: Throughput médio | B7: =Performance!D2 -> 999.47157 | C7: =Performance!E2 -> 998.64085 | D7: =C7/B7 -> 0.99916884

Sheet Performance
A1: Indicador | B1: Virtual | C1: Tradicional | D1: Virtual_Sem_Outilers | E1: Tradicional_Sem_Outliers
A2: Throughput médio | B2: =AVERAGE(Virtual[throughput]) -> 948.05836 | C2: =AVERAGE(Tradicional[throughput]) -> 966.14837 | D2: =AVERAGE(Virtual_Sem_Outliers[throughput]) -> 999.47157 | E2: =AVERAGE(Tradicional_Sem_Outliers[throughput]) -> 998.64085
A3: Rate médio | B3: =AVERAGE(Virtual[rate]) -> 999.75119 | C3: =AVERAGE(Tradicional[rate]) -> 999.99528 | D3: =AVERAGE(Virtual_Sem_Outliers[rate]) -> 1000.0011 | E3: =AVERAGE(Tradicional_Sem_Outliers[rate]) -> 1000.0011
A4: Total de requisições | B4: =SUM(Virtual[requests]) -> 29995912 | C4: =SUM(Tradicional[requests]) -> 29999955 | D4: =SUM(Virtual_Sem_Outliers[requests]) -> 20999997 | E4: =SUM(Tradicional_Sem_Outliers[requests]) -> 19799998
A5: Latência média geral | B5: =AVERAGE(Virtual[lat_mean_s]) -> 5.091445 | C5: =AVERAGE(Tradicional[lat_mean_s]) -> 3.1872462 | D5: =AVERAGE(Virtual_Sem_Outliers[lat_mean_s_virtual]) -> 0.14383868 | E5: =AVERAGE(Tradicional_Sem_Outliers[lat_mean_s_tradicional]) -> 0.17620232
A6: Pior latência observada | B6: =MAX(Virtual[lat_max_s]) -> 313.85729 | C6: =MAX(Tradicional[lat_max_s]) -> 344.93205 | D6: =MAX(Virtual_Sem_Outliers[lat_max_s]) -> 40.14869 | E6: =MAX(Tradicional_Sem_Outliers[lat_max_s]) -> 70.001201
A7: Taxa de sucesso (%) | B7: =AVERAGE(Virtual[success]) -> 0.95258042 | C7: =AVERAGE(Tradicional[success]) -> 0.96896697 | D7: =AVERAGE(Virtual_Sem_Outliers[success]) -> 0.99993457 | E7: =AVERAGE(Tradicional_Sem_Outliers[success]) -> 0.99980606
A8: Latência mediana (P50) | B8: =AVERAGE(Virtual[lat_p50_s]) -> 3.2258602 | C8: =AVERAGE(Tradicional[lat_p50_s]) -> 2.2949164 | D8: =AVERAGE(Virtual_Sem_Outliers[lat_p50_s]) -> 0.10963018 | E8: =AVERAGE(Tradicional_Sem_Outliers[lat_p50_s]) -> 0.11187527
A9: Latência 90% (P90) | B9: =AVERAGE(Virtual[lat_p90_s]) -> 12.005106 | C9: =AVERAGE(Tradicional[lat_p90_s]) -> 7.0617331 | D9: =AVERAGE(Virtual_Sem_Outliers[lat_p90_s]) -> 0.13976124 | E9: =AVERAGE(Tradicional_Sem_Outliers[lat_p90_s]) -> 0.15533185
A10: Latência 95% (P95) | B10: =AVERAGE(Virtual[lat_p95_s]) -> 15.16932 | C10: =AVERAGE(Tradicional[lat_p95_s]) -> 8.9967241 | D10: =AVERAGE(Virtual_Sem_Outliers[lat_p95_s]) -> 0.21891952 | E10: =AVERAGE(Tradicional_Sem_Outliers[lat_p95_s]) -> 0.33458613
A11: Latência 99% (P99) | B11: =AVERAGE(Virtual[lat_p99_s]) -> 21.650839 | C11: =AVERAGE(Tradicional[lat_p99_s]) -> 13.660448 | D11: =AVERAGE(Virtual_Sem_Outliers[lat_p99_s]) -> 1.0599626 | E11: =AVERAGE(Tradicional_Sem_Outliers[lat_p99_s]) -> 1.9431863
A12: CPU média (%) | B12: =AVERAGE(Virtual[cpu_mean]) -> 0.037065194 | C12: =AVERAGE(Tradicional[cpu_mean]) -> 0.081096245 | D12: =AVERAGE(Virtual_Sem_Outliers[cpu_mean]) -> 0.036991031 | E12: =AVERAGE(Tradicional_Sem_Outliers[cpu_mean]) -> 0.082561905
A13: Memória usada média (MB) | B13: =AVERAGE(Virtual[mem_used_mb]) -> 480.08652 | C13: =AVERAGE(Tradicional[mem_used_mb]) -> 511.07709 | D13: =AVERAGE(Virtual_Sem_Outliers[heap_used_mb]) -> 142.23554 | E13: =AVERAGE(Tradicional_Sem_Outliers[heap_used_mb]) -> 179.63109
A14: Heap usado médio (MB) | B14: =AVERAGE(Virtual[heap_used_mb]) -> 204.88666 | C14: =AVERAGE(Tradicional[heap_used_mb]) -> 204.62502 | D14: =AVERAGE(Virtual_Sem_Outliers[heap_used_mb]) -> 142.23554 | E14: =AVERAGE(Tradicional_Sem_Outliers[heap_used_mb]) -> 179.63109
A15: Latência mínima observada | B15: =MIN(Virtual[lat_p50_s]) -> 0.10806153 | C15: =MIN(Tradicional[lat_p50_s]) -> 0.10967107 | D15: =MIN(Virtual_Sem_Outliers[lat_p50_s]) -> 0.10806803 | E15: =MIN(Tradicional_Sem_Outliers[lat_p50_s]) -> 0.10967107
